PoiID,FirstLevel,SecondLeve,ZoneID
0,4,19,123
1,8,90,123
2,4,179,123
3,9,67,123
4,9,67,123
5,9,67,123
6,9,67,123
7,9,67,123
8,9,67,123
9,9,67,123
10,19,75,66
11,9,92,66
12,2,1,66
13,12,120,66
14,1,18,66
15,3,24,66
16,4,179,66
17,13,156,66
18,0,145,66
19,1,18,66
20,19,173,85
21,13,4,85
22,1,18,85
23,13,154,85
24,6,32,85
25,13,64,85
26,3,24,85
27,19,28,85
28,13,4,85
29,5,155,85
30,13,4,79
31,12,23,79
32,17,15,79
33,11,116,79
34,1,7,79
35,1,21,79
36,1,18,79
37,8,56,79
38,7,157,79
39,6,32,70
40,18,165,70
41,18,165,70
42,4,179,70
43,18,165,70
44,4,179,70
45,12,120,70
46,13,150,70
47,16,162,70
48,4,179,70
49,4,179,656
50,6,62,656
51,19,174,656
52,1,18,656
53,19,108,656
54,3,149,656
55,12,104,656
56,4,103,656
57,16,50,656
58,3,24,656
59,16,52,40
60,6,32,40
61,1,18,40
62,1,18,40
63,4,179,40
64,6,32,40
65,4,179,40
66,3,24,40
67,6,13,40
68,19,28,40
69,4,179,58
70,12,127,58
71,18,165,58
72,3,24,58
73,4,179,58
74,18,165,58
75,4,179,58
76,4,179,58
77,6,13,58
78,4,179,58
79,16,59,104
80,16,59,104
81,4,179,104
82,6,32,104
83,6,32,104
84,6,32,104
85,6,13,104
86,1,18,104
87,1,18,104
88,16,52,104
89,1,18,50
90,1,18,50
91,6,32,50
92,6,13,50
93,6,32,50
94,4,179,50
95,4,179,50
96,4,179,50
97,4,179,50
98,1,18,47
99,1,18,47
100,6,13,47
101,6,13,47
102,6,32,47
103,4,179,47
104,4,179,47
105,9,67,127
106,9,67,127
107,9,67,127
108,4,37,127
109,1,7,127
110,9,67,127
111,4,19,127
112,4,19,127
113,9,67,127
114,9,67,127
115,13,64,266
116,5,159,266
117,19,75,266
118,16,59,266
119,5,159,266
120,4,37,266
121,13,64,266
122,16,52,266
123,13,57,266
124,13,64,266
125,4,19,153
126,13,4,153
127,13,4,153
128,13,57,153
129,13,150,153
130,16,52,153
131,17,20,153
132,4,19,153
133,4,19,153
134,19,98,153
135,12,170,145
136,13,4,145
137,0,145,145
138,19,174,145
139,13,4,145
140,0,146,145
141,12,23,145
142,12,128,145
143,19,174,145
144,13,64,145
145,7,157,218
146,16,52,218
147,16,52,218
148,6,32,218
149,8,71,218
150,0,145,218
151,16,52,218
152,11,115,218
153,7,157,218
154,16,160,218
155,4,179,253
156,3,24,253
157,16,163,253
158,4,179,253
159,6,32,253
160,6,32,253
161,4,19,253
162,6,13,253
163,19,174,253
164,9,91,253
165,13,156,119
166,13,4,119
167,13,64,119
168,2,119,119
169,0,145,119
170,12,170,119
171,10,99,119
172,16,52,119
173,13,64,119
174,13,4,119
175,4,19,225
176,13,156,225
177,6,32,225
178,8,71,225
179,18,165,225
180,1,7,225
181,3,24,225
182,4,179,225
183,19,98,225
184,17,15,225
185,19,174,111
186,8,65,111
187,16,52,111
188,3,24,111
189,11,118,111
190,19,75,111
191,13,4,111
192,8,71,111
193,12,131,111
194,2,119,111
195,10,99,162
196,0,145,162
197,16,52,162
198,19,28,162
199,2,119,162
200,7,135,162
201,4,19,162
202,12,30,162
203,7,157,162
204,12,131,162
205,8,56,132
206,7,29,132
207,0,145,132
208,2,119,132
209,4,19,132
210,20,177,132
211,0,145,132
212,0,145,132
213,20,0,132
214,4,19,132
215,4,179,238
216,13,64,238
217,12,127,238
218,7,66,238
219,13,64,238
220,13,64,238
221,16,52,238
222,16,59,238
223,16,61,238
224,8,9,238
225,16,52,217
226,12,131,217
227,13,156,217
228,16,52,217
229,4,179,217
230,3,25,217
231,3,24,217
232,16,161,217
233,4,19,217
234,1,18,217
235,8,71,263
236,13,150,263
237,16,59,263
238,11,117,263
239,11,114,263
240,11,117,263
241,0,146,263
242,6,32,263
243,16,59,263
244,5,159,263
245,12,141,126
246,19,174,126
247,8,56,126
248,12,60,126
249,0,145,126
250,0,145,126
251,10,94,126
252,3,24,126
253,12,74,126
254,19,174,126
255,5,42,116
256,4,19,116
257,17,15,116
258,12,55,116
259,8,56,116
260,13,154,116
261,16,52,116
262,4,19,116
263,13,64,116
264,10,96,116
265,8,71,136
266,8,56,136
267,6,13,136
268,8,54,136
269,5,155,136
270,13,156,136
271,13,156,136
272,0,146,136
273,13,64,136
274,5,155,136
275,16,52,157
276,0,146,157
277,13,133,157
278,2,119,157
279,7,85,157
280,16,59,157
281,13,156,157
282,13,49,157
283,13,64,157
284,1,18,157
285,12,30,229
286,16,16,229
287,7,86,229
288,6,32,229
289,6,32,229
290,6,32,229
291,6,32,229
292,3,24,229
293,16,163,229
294,6,32,229
295,1,18,222
296,4,179,222
297,4,179,222
298,1,18,222
299,17,15,222
300,3,24,222
301,4,179,222
302,12,131,222
303,1,18,222
304,3,24,222
305,6,32,228
306,6,13,228
307,8,56,228
308,4,179,228
309,1,18,228
310,19,108,228
311,12,78,228
312,16,52,228
313,6,32,228
314,4,179,228
315,4,19,143
316,1,18,143
317,4,19,143
318,13,64,143
319,1,18,143
320,12,30,143
321,1,18,143
322,1,8,143
323,20,0,143
324,13,57,143
325,12,23,141
326,1,83,141
327,1,18,141
328,4,19,141
329,4,19,141
330,4,19,141
331,4,179,141
332,3,24,181
333,4,179,181
334,8,56,181
335,6,32,181
336,8,71,181
337,5,44,181
338,2,119,181
339,1,7,181
340,12,128,181
341,12,127,181
342,18,165,135
343,9,67,135
344,9,67,135
345,8,56,135
346,9,67,135
347,18,165,135
348,9,67,135
349,6,32,135
350,9,67,135
351,6,32,135
352,13,64,257
353,13,64,257
354,2,143,257
355,3,24,257
356,3,24,257
357,3,24,257
358,12,30,257
359,1,7,257
360,4,19,257
361,3,24,257
362,3,113,308
363,17,20,308
364,13,4,308
365,3,24,308
366,13,64,308
367,6,33,308
368,1,7,308
369,9,92,308
370,4,179,308
371,4,179,308
372,4,179,276
373,3,24,276
374,4,19,276
375,4,179,276
376,6,33,276
377,1,8,276
378,1,18,276
379,1,18,276
380,3,26,276
381,20,177,276
382,6,13,402
383,12,120,402
384,3,24,402
385,6,80,402
386,8,90,402
387,3,24,402
388,12,78,402
389,9,92,402
390,6,32,402
391,6,13,402
392,2,125,346
393,3,87,346
394,4,19,346
395,7,22,346
396,1,18,346
397,3,24,346
398,12,130,346
399,7,157,346
400,20,81,346
401,3,24,346
402,9,92,293
403,9,92,293
404,6,33,293
405,3,24,293
406,6,33,293
407,8,56,293
408,2,125,293
409,7,29,293
410,13,4,293
411,8,140,293
412,9,93,442
413,6,32,442
414,6,13,442
415,0,145,442
416,4,179,442
417,12,128,442
418,16,163,442
419,17,20,442
420,11,117,442
421,6,32,442
422,1,18,355
423,3,24,355
424,20,81,355
425,20,81,355
426,8,54,355
427,3,24,355
428,3,24,355
429,3,24,355
430,1,18,355
431,3,24,355
432,17,15,376
433,6,32,376
434,6,32,376
435,19,174,376
436,1,18,376
437,6,13,376
438,6,32,376
439,16,59,376
440,11,118,376
441,6,32,376
442,12,131,483
443,16,40,483
444,10,63,483
445,3,24,483
446,6,80,483
447,17,20,483
448,16,52,483
449,9,92,483
450,13,57,483
451,6,32,483
452,1,7,586
453,13,154,586
454,1,18,586
455,16,52,586
456,12,127,586
457,6,32,586
458,13,4,586
459,6,32,586
460,4,37,586
461,9,92,586
462,3,24,424
463,11,117,424
464,7,86,424
465,0,146,424
466,1,7,424
467,12,78,424
468,6,32,424
469,19,174,424
470,12,127,424
471,19,108,424
472,11,116,488
473,1,7,488
474,4,179,488
475,1,7,488
476,4,179,488
477,3,24,488
478,1,7,488
479,1,7,488
480,1,7,488
481,5,43,488
482,6,32,484
483,10,94,484
484,6,32,484
485,6,32,484
486,7,29,484
487,3,24,484
488,2,119,484
489,1,18,484
490,3,24,484
491,5,159,484
492,7,85,565
493,10,94,565
494,12,23,565
495,4,37,565
496,1,18,565
497,17,15,565
498,18,165,565
499,12,23,565
500,6,32,565
501,0,145,565
502,13,64,516
503,11,118,516
504,16,16,516
505,3,24,516
506,6,32,516
507,13,4,516
508,16,52,516
509,6,32,516
510,13,64,516
511,6,13,516
512,20,0,517
513,5,159,517
514,7,17,517
515,7,157,517
516,7,48,517
517,11,115,517
518,8,71,517
519,11,116,517
520,1,18,517
521,5,155,517
522,8,56,538
523,16,59,538
524,1,18,538
525,12,141,538
526,6,32,538
527,3,24,538
528,5,44,538
529,13,4,538
530,19,174,538
531,6,32,538
532,6,32,549
533,1,7,549
534,1,7,549
535,4,179,549
536,18,165,549
537,6,32,549
538,3,24,549
539,6,32,549
540,6,32,549
541,4,179,549
542,1,7,607
543,20,81,607
544,4,179,607
545,6,33,607
546,13,4,607
547,3,24,607
548,13,57,607
549,3,24,607
550,12,131,607
551,13,49,607
552,8,56,620
553,3,24,620
554,3,24,620
555,1,18,620
556,3,24,620
557,13,4,620
558,3,24,620
559,4,19,620
560,12,131,620
561,3,24,620
562,4,179,579
563,5,155,579
564,13,4,579
565,16,52,579
566,12,131,579
567,13,150,579
568,3,24,579
569,12,74,579
570,6,32,579
571,6,32,579
572,16,52,554
573,3,24,554
574,4,179,554
575,3,24,554
576,3,24,554
577,12,128,554
578,8,90,554
579,3,24,554
580,16,59,554
581,16,59,554
582,18,165,630
583,1,7,630
584,17,15,630
585,6,33,630
586,3,24,630
587,1,21,630
588,4,123,630
589,4,179,630
590,7,157,630
591,19,75,630
592,6,13,603
593,4,179,603
594,1,18,603
595,1,7,603
596,3,24,603
597,1,8,603
598,16,52,603
599,8,71,603
600,12,127,603
601,4,179,603
602,12,23,621
603,18,165,621
604,1,7,621
605,18,165,621
606,1,18,638
607,1,18,638
608,10,94,638
609,3,25,638
610,19,174,638
611,8,90,638
612,8,90,638
613,2,11,638
614,10,121,638
615,19,174,638
616,11,114,660
617,3,24,660
618,4,37,660
619,4,37,660
620,13,4,660
621,18,165,660
622,8,140,660
623,1,7,660
624,18,165,660
625,1,18,660
626,1,7,613
627,18,165,613
628,6,13,613
629,3,24,613
630,4,179,613
631,6,32,626
632,1,18,626
633,19,98,626
634,16,163,626
635,6,32,626
636,2,73,626
637,6,32,626
638,6,33,626
639,4,179,626
640,3,24,626
641,8,90,27
642,8,56,27
643,7,29,27
644,7,157,27
645,3,24,27
646,12,78,27
647,3,24,27
648,19,174,27
649,1,7,27
650,4,19,27
651,7,157,13
652,4,179,13
653,3,24,13
654,3,24,13
655,20,81,13
656,7,157,13
657,1,18,13
658,3,24,13
659,12,130,13
660,5,43,13
661,12,131,12
662,12,55,12
663,4,179,12
664,10,96,12
665,4,19,12
666,1,18,12
667,3,24,12
668,12,78,12
669,10,94,12
670,19,174,12
671,10,27,34
672,5,155,34
673,16,52,34
674,4,19,34
675,1,7,34
676,7,29,34
677,0,145,34
678,19,173,34
679,13,4,34
680,1,7,34
681,0,145,20
682,12,131,20
683,5,2,20
684,16,52,20
685,9,93,20
686,3,77,20
687,8,56,20
688,8,140,20
689,5,155,20
690,4,19,20
691,8,56,52
692,13,4,52
693,5,155,52
694,18,165,52
695,1,7,52
696,0,146,52
697,13,4,52
698,4,19,52
699,0,148,52
700,3,24,52
701,1,7,26
702,3,24,26
703,13,64,26
704,13,4,26
705,1,18,26
706,6,13,26
707,0,146,26
708,2,119,26
709,19,174,26
710,2,38,26
711,1,7,24
712,1,7,24
713,19,174,24
714,12,131,24
715,7,157,24
716,13,4,24
717,19,173,24
718,0,145,24
719,2,119,24
720,10,94,24
721,19,173,30
722,10,94,30
723,4,19,30
724,13,64,30
725,0,6,30
726,7,29,30
727,5,44,30
728,7,157,30
729,19,173,30
730,7,157,30
731,5,159,43
732,10,88,43
733,20,81,43
734,20,177,43
735,13,64,43
736,7,29,43
737,20,177,43
738,3,24,43
739,20,177,43
740,4,19,43
741,12,131,41
742,0,145,41
743,6,13,41
744,12,78,41
745,19,174,41
746,4,179,41
747,19,174,41
748,0,145,41
749,13,156,41
750,13,4,41
751,9,92,42
752,8,56,42
753,7,157,42
754,12,74,42
755,20,81,42
756,7,157,42
757,5,159,42
758,18,165,42
759,20,177,42
760,20,81,42
761,0,146,35
762,19,174,35
763,6,80,35
764,13,64,35
765,20,0,35
766,2,143,35
767,1,7,35
768,18,165,35
769,7,157,35
770,5,159,35
771,13,4,31
772,13,4,31
773,13,4,31
774,12,60,31
775,11,114,31
776,16,52,31
777,8,71,31
778,16,52,31
779,12,78,31
780,12,78,62
781,3,24,62
782,8,56,62
783,0,145,62
784,16,52,62
785,3,24,62
786,13,57,62
787,16,52,62
788,17,20,62
789,19,173,62
790,16,109,21
791,16,161,21
792,0,145,21
793,13,4,21
794,17,15,21
795,10,99,21
796,16,52,21
797,2,125,21
798,2,125,21
799,12,128,21
800,7,157,75
801,8,89,75
802,12,131,75
803,1,7,75
804,1,18,75
805,20,177,75
806,13,4,75
807,8,56,75
808,11,118,75
809,0,145,75
810,0,145,53
811,13,4,53
812,3,24,53
813,4,179,53
814,5,159,53
815,4,19,53
816,8,56,53
817,12,131,53
818,13,4,53
819,13,4,53
820,12,131,23
821,8,56,23
822,12,131,23
823,0,145,23
824,8,56,23
825,2,119,23
826,13,150,23
827,12,131,23
828,2,119,23
829,12,55,23
830,5,44,44
831,12,78,44
832,7,29,44
833,5,44,44
834,2,119,44
835,4,19,44
836,5,44,44
837,5,44,44
838,3,24,44
839,8,140,44
840,13,64,36
841,0,145,36
842,8,71,36
843,9,93,36
844,5,155,36
845,5,155,36
846,7,48,36
847,7,157,36
848,16,52,36
849,5,155,60
850,7,137,60
851,4,19,60
852,7,29,60
853,20,177,60
854,12,55,60
855,4,19,60
856,8,56,60
857,12,131,60
858,0,145,60
859,8,56,54
860,0,146,54
861,11,116,54
862,5,155,54
863,19,173,54
864,11,116,54
865,13,49,54
866,0,146,54
867,8,56,54
868,8,56,54
869,5,155,57
870,16,52,57
871,3,24,57
872,13,156,57
873,8,56,57
874,16,160,57
875,20,177,57
876,16,52,57
877,16,52,57
878,20,81,57
879,0,145,59
880,7,66,59
881,7,48,59
882,12,78,59
883,4,179,59
884,11,117,59
885,1,164,59
886,0,145,59
887,0,145,59
888,4,37,59
889,7,157,88
890,19,174,88
891,20,81,88
892,6,13,88
893,8,56,88
894,7,157,88
895,1,18,88
896,3,24,88
897,19,173,88
898,16,52,88
899,4,19,29
900,3,24,29
901,8,56,29
902,16,52,29
903,16,52,29
904,3,24,29
905,4,19,29
906,1,18,29
907,16,162,29
908,5,159,29
909,7,157,19
910,19,173,19
911,3,24,19
912,20,177,19
913,4,37,19
914,20,81,19
915,3,24,19
916,20,175,19
917,20,81,19
918,7,122,19
919,3,24,83
920,5,155,83
921,3,24,83
922,12,130,83
923,12,128,83
924,5,44,83
925,0,146,83
926,18,165,83
927,12,141,83
928,3,24,83
929,5,155,65
930,8,56,65
931,20,81,65
932,12,131,65
933,3,24,65
934,12,131,65
935,11,117,65
936,20,177,65
937,6,33,65
938,7,157,65
939,12,78,78
940,7,157,78
941,12,120,78
942,5,44,78
943,0,145,78
944,4,19,78
945,16,52,78
946,3,24,78
947,5,159,78
948,16,160,78
949,12,128,33
950,12,78,33
951,10,94,33
952,2,119,33
953,2,119,33
954,9,92,33
955,3,24,33
956,5,155,33
957,1,164,33
958,16,52,64
959,6,13,64
960,5,159,64
961,3,24,64
962,6,13,64
963,0,144,64
964,11,116,64
965,5,159,64
966,7,157,64
967,5,155,64
968,13,4,56
969,13,4,56
970,9,67,56
971,13,57,56
972,12,131,56
973,17,15,56
974,4,179,56
975,4,19,56
976,16,59,56
977,13,156,56
978,1,18,195
979,12,131,195
980,10,27,195
981,7,157,195
982,0,146,195
983,6,13,195
984,16,52,195
985,12,78,195
986,13,4,195
987,18,165,195
988,13,156,339
989,0,145,339
990,13,172,339
991,18,165,339
992,4,179,339
993,1,18,339
994,8,65,339
995,4,179,339
996,6,32,339
997,4,179,339
998,16,52,89
999,8,56,89
1000,5,44,89
1001,13,49,89
1002,12,74,89
1003,11,116,89
1004,0,146,89
1005,4,19,89
1006,13,57,89
1007,5,155,89
1008,4,19,192
1009,6,13,192
1010,8,89,192
1011,4,19,192
1012,8,56,192
1013,4,179,192
1014,4,19,192
1015,6,32,192
1016,4,179,192
1017,16,162,192
1018,20,177,198
1019,4,179,198
1020,1,164,198
1021,2,12,198
1022,19,28,198
1023,4,179,198
1024,3,24,198
1025,12,131,198
1026,12,78,198
1027,5,44,198
1028,12,171,81
1029,3,24,81
1030,4,179,81
1031,8,56,81
1032,11,115,81
1033,12,170,81
1034,7,157,81
1035,12,120,81
1036,1,18,81
1037,6,62,81
1038,7,29,106
1039,7,29,106
1040,7,29,106
1041,18,165,106
1042,7,157,106
1043,7,157,106
1044,7,29,106
1045,7,157,106
1046,7,29,106
1047,3,24,106
1048,3,24,658
1049,1,83,658
1050,3,24,658
1051,4,179,658
1052,8,90,658
1053,4,179,658
1054,11,115,658
1055,11,115,658
1056,6,13,658
1057,8,90,658
1058,6,32,258
1059,13,156,258
1060,6,32,258
1061,6,32,258
1062,13,64,258
1063,6,32,258
1064,6,32,258
1065,0,145,258
1066,6,32,258
1067,12,78,258
1068,18,165,651
1069,1,7,651
1070,3,24,651
1071,14,69,651
1072,18,165,651
1073,13,64,651
1074,4,179,651
1075,1,7,651
1076,3,24,651
1077,12,128,651
1078,5,159,375
1079,13,4,375
1080,13,64,375
1081,13,64,375
1082,13,64,375
1083,6,32,375
1084,12,128,375
1085,13,64,375
1086,16,16,375
1087,13,64,375
1088,6,33,372
1089,20,81,372
1090,3,24,372
1091,3,24,372
1092,9,92,372
1093,3,24,372
1094,18,165,372
1095,3,24,372
1096,1,18,372
1097,6,33,372
1098,6,32,432
1099,3,24,432
1100,14,68,432
1101,7,157,432
1102,5,42,432
1103,6,32,432
1104,18,165,432
1105,4,36,432
1106,6,32,432
1107,3,24,432
1108,1,7,461
1109,18,165,461
1110,4,36,461
1111,3,24,461
1112,18,165,461
1113,18,165,461
1114,6,32,461
1115,7,157,461
1116,6,33,461
1117,4,36,461
1118,4,51,37
1119,19,174,37
1120,13,178,37
1121,3,24,37
1122,8,140,37
1123,4,19,37
1124,6,13,37
1125,13,64,37
1126,4,179,37
1127,4,179,37
1128,16,52,6
1129,16,52,6
1130,13,4,6
1131,16,70,6
1132,13,64,6
1133,13,150,6
1134,16,52,6
1135,1,7,6
1136,6,13,6
1137,7,48,6
1138,16,162,9
1139,16,52,9
1140,8,56,9
1141,4,179,9
1142,13,57,9
1143,13,172,9
1144,3,24,9
1145,3,24,9
1146,8,140,9
1147,3,24,9
1148,13,64,8
1149,7,29,8
1150,8,183,8
1151,4,19,8
1152,0,145,8
1153,19,174,8
1154,12,130,8
1155,5,155,8
1156,10,94,8
1157,16,52,8
1158,0,148,7
1159,12,23,7
1160,5,159,7
1161,19,108,7
1162,8,71,7
1163,12,130,7
1164,16,59,7
1165,16,52,7
1166,5,155,7
1167,16,52,7
1168,9,92,18
1169,4,36,18
1170,10,99,18
1171,10,99,18
1172,1,7,18
1173,12,78,18
1174,19,28,18
1175,3,24,18
1176,3,25,18
1177,20,177,18
1178,7,29,14
1179,5,159,14
1180,8,71,14
1181,7,66,14
1182,19,174,14
1183,7,137,14
1184,4,179,14
1185,8,56,14
1186,5,159,14
1187,3,24,14
1188,20,177,5
1189,17,15,5
1190,4,19,5
1191,8,56,5
1192,9,67,5
1193,12,107,5
1194,14,110,5
1195,4,179,5
1196,10,97,5
1197,8,90,5
1198,1,18,11
1199,7,157,11
1200,16,52,11
1201,13,64,11
1202,12,128,11
1203,8,90,11
1204,9,92,11
1205,4,37,11
1206,19,108,11
1207,8,56,11
1208,0,145,4
1209,1,7,4
1210,18,165,4
1211,9,67,4
1212,8,90,4
1213,4,179,4
1214,8,140,4
1215,8,90,4
1216,9,93,4
1217,18,165,4
1218,4,179,10
1219,13,64,10
1220,13,156,10
1221,3,24,10
1222,16,52,10
1223,9,93,10
1224,13,64,10
1225,13,156,10
1226,3,24,10
1227,18,165,10
1228,13,4,74
1229,3,24,74
1230,5,43,74
1231,0,148,74
1232,2,119,74
1233,16,52,74
1234,8,56,74
1235,5,44,74
1236,16,52,74
1237,0,146,74
1238,19,108,32
1239,10,63,32
1240,4,179,32
1241,13,64,32
1242,16,52,32
1243,9,147,32
1244,20,177,32
1245,10,94,32
1246,2,119,32
1247,12,78,32
1248,5,155,67
1249,7,86,67
1250,18,165,67
1251,13,154,67
1252,13,154,67
1253,16,52,67
1254,16,52,67
1255,16,52,67
1256,12,78,67
1257,16,59,67
1258,18,165,73
1259,5,142,73
1260,14,68,73
1261,12,23,73
1262,20,177,73
1263,20,81,73
1264,1,18,73
1265,7,157,73
1266,3,24,73
1267,5,44,73
1268,20,81,46
1269,4,179,46
1270,20,81,46
1271,3,24,46
1272,8,3,46
1273,19,174,46
1274,10,99,46
1275,10,63,46
1276,10,105,46
1277,13,156,46
1278,5,45,39
1279,5,14,39
1280,6,13,39
1281,12,23,39
1282,19,174,39
1283,7,157,39
1284,20,0,39
1285,5,142,39
1286,3,24,39
1287,1,18,39
1288,16,52,68
1289,12,131,68
1290,12,78,68
1291,3,24,68
1292,6,13,68
1293,13,4,68
1294,3,24,68
1295,5,155,68
1296,13,4,68
1297,16,52,68
1298,1,18,71
1299,19,28,71
1300,2,125,71
1301,4,19,71
1302,4,19,71
1303,3,24,71
1304,5,159,71
1305,9,92,71
1306,8,90,71
1307,3,24,71
1308,3,24,48
1309,13,4,48
1310,0,145,48
1311,9,93,48
1312,7,157,48
1313,0,145,48
1314,3,24,48
1315,4,19,48
1316,4,19,48
1317,13,4,48
1318,7,48,49
1319,8,56,49
1320,7,29,49
1321,10,94,49
1322,13,4,49
1323,7,157,49
1324,16,52,49
1325,4,19,49
1326,8,56,49
1327,7,29,49
1328,4,19,69
1329,0,145,69
1330,12,131,69
1331,16,16,69
1332,12,58,69
1333,12,74,69
1334,20,0,69
1335,0,145,69
1336,12,120,69
1337,0,145,69
1338,2,119,28
1339,20,81,28
1340,4,19,28
1341,1,7,28
1342,6,13,28
1343,12,130,28
1344,19,174,28
1345,12,131,28
1346,19,75,28
1347,5,155,28
1348,1,7,61
1349,13,156,61
1350,2,119,61
1351,5,155,61
1352,9,147,61
1353,12,23,61
1354,16,52,61
1355,3,24,61
1356,12,131,61
1357,13,64,61
1358,3,24,38
1359,13,64,38
1360,6,13,38
1361,4,36,38
1362,18,165,38
1363,12,141,38
1364,12,78,38
1365,12,128,38
1366,12,128,38
1367,4,179,38
1368,8,56,63
1369,16,52,63
1370,13,49,63
1371,4,19,63
1372,4,19,63
1373,9,92,63
1374,6,33,63
1375,8,56,63
1376,20,0,63
1377,3,24,63
1378,13,156,51
1379,18,165,51
1380,7,157,51
1381,16,52,51
1382,4,179,51
1383,7,86,51
1384,10,99,51
1385,16,52,51
1386,4,179,51
1387,12,131,51
1388,13,64,45
1389,0,145,45
1390,5,155,45
1391,20,177,45
1392,20,0,45
1393,4,179,45
1394,16,162,45
1395,16,160,25
1396,19,174,25
1397,5,44,25
1398,16,52,25
1399,17,20,25
1400,3,24,25
1401,19,174,25
1402,16,52,25
1403,0,145,25
1404,12,131,25
1405,4,179,72
1406,3,24,72
1407,16,52,72
1408,8,56,72
1409,4,179,72
1410,7,138,72
1411,13,154,72
1412,5,44,72
1413,12,78,72
1414,13,64,72
1415,8,56,76
1416,12,170,76
1417,16,52,76
1418,3,47,76
1419,9,67,76
1420,1,164,76
1421,3,24,76
1422,16,52,76
1423,19,75,76
1424,13,154,76
1425,6,13,87
1426,1,7,87
1427,13,57,87
1428,8,56,87
1429,9,67,87
1430,5,155,87
1431,0,145,87
1432,12,120,87
1433,5,155,87
1434,0,145,87
1435,19,75,80
1436,3,24,80
1437,4,129,80
1438,13,154,80
1439,12,141,80
1440,7,157,80
1441,4,179,80
1442,5,159,80
1443,4,179,80
1444,13,64,80
1445,0,145,96
1446,12,131,96
1447,2,119,96
1448,6,13,96
1449,16,52,96
1450,13,154,96
1451,0,146,96
1452,4,19,96
1453,19,75,96
1454,1,7,96
1455,4,19,101
1456,12,127,101
1457,13,4,101
1458,16,52,101
1459,0,148,101
1460,11,116,101
1461,12,141,101
1462,16,59,101
1463,13,154,101
1464,12,74,101
1465,18,165,55
1466,18,165,55
1467,21,180,55
1468,8,56,55
1469,1,7,55
1470,1,8,55
1471,16,52,55
1472,20,0,211
1473,1,7,211
1474,7,29,211
1475,1,18,211
1476,17,20,211
1477,4,19,211
1478,8,56,211
1479,2,125,211
1480,13,154,211
1481,13,4,211
1482,13,4,107
1483,0,145,107
1484,4,19,107
1485,8,56,107
1486,12,127,107
1487,3,24,107
1488,19,174,107
1489,13,4,107
1490,0,145,107
1491,13,4,107
1492,1,164,115
1493,12,128,115
1494,1,18,115
1495,12,128,115
1496,13,154,115
1497,2,143,115
1498,3,24,115
1499,11,118,115
1500,4,19,115
1501,4,19,115
1502,18,165,120
1503,0,148,120
1504,5,155,120
1505,5,155,120
1506,0,146,120
1507,0,146,120
1508,0,148,120
1509,5,155,120
1510,13,4,120
1511,5,155,120
1512,7,157,183
1513,3,24,183
1514,3,24,183
1515,3,24,183
1516,18,165,183
1517,7,157,183
1518,0,146,183
1519,1,18,183
1520,7,157,183
1521,12,128,183
1522,13,4,86
1523,7,157,86
1524,8,140,86
1525,13,64,86
1526,4,19,86
1527,3,24,86
1528,7,157,86
1529,7,86,86
1530,3,24,86
1531,20,0,86
1532,6,33,201
1533,3,24,201
1534,5,159,201
1535,0,146,201
1536,5,155,201
1537,13,4,201
1538,2,119,201
1539,8,56,201
1540,16,163,201
1541,16,163,201
1542,13,4,94
1543,19,174,94
1544,4,19,94
1545,16,52,94
1546,16,52,94
1547,3,24,259
1548,13,172,259
1549,6,13,259
1550,20,177,259
1551,4,179,259
1552,13,4,259
1553,8,140,259
1554,11,118,259
1555,11,116,259
1556,13,4,259
1557,13,49,130
1558,16,52,130
1559,7,157,130
1560,0,6,130
1561,7,157,130
1562,20,0,130
1563,2,119,130
1564,10,96,130
1565,7,157,130
1566,13,64,130
1567,4,19,108
1568,20,177,108
1569,8,56,108
1570,20,0,108
1571,4,19,108
1572,20,81,108
1573,19,174,108
1574,8,56,108
1575,11,116,108
1576,20,0,108
1577,4,19,128
1578,5,155,128
1579,7,157,128
1580,13,4,128
1581,5,45,128
1582,13,64,128
1583,19,174,128
1584,7,157,128
1585,8,140,128
1586,5,155,128
1587,13,64,99
1588,6,33,99
1589,20,81,99
1590,7,157,99
1591,16,52,99
1592,7,157,99
1593,20,177,99
1594,13,154,99
1595,7,137,99
1596,19,174,99
1597,0,146,184
1598,13,172,184
1599,7,157,184
1600,3,24,184
1601,4,19,184
1602,12,131,184
1603,13,172,184
1604,16,52,184
1605,13,4,184
1606,16,52,184
1607,0,144,109
1608,16,52,109
1609,6,13,109
1610,16,163,109
1611,5,43,109
1612,7,86,109
1613,12,131,109
1614,13,156,109
1615,0,145,109
1616,12,55,109
1617,6,13,114
1618,16,162,114
1619,16,52,114
1620,13,156,114
1621,10,99,114
1622,5,14,114
1623,12,170,114
1624,3,24,114
1625,12,131,114
1626,13,49,114
1627,9,147,173
1628,12,131,173
1629,8,56,173
1630,16,52,173
1631,5,155,173
1632,20,81,173
1633,0,146,173
1634,1,18,173
1635,13,4,173
1636,8,65,173
1637,12,131,171
1638,13,49,171
1639,13,172,171
1640,19,98,171
1641,13,49,171
1642,13,57,171
1643,16,52,171
1644,2,119,171
1645,1,164,171
1646,4,19,171
1647,20,177,91
1648,7,85,91
1649,7,66,91
1650,6,13,91
1651,18,165,91
1652,13,64,91
1653,7,86,91
1654,13,57,91
1655,1,18,91
1656,4,179,91
1657,13,64,118
1658,4,19,118
1659,5,42,118
1660,8,56,118
1661,20,0,118
1662,13,57,118
1663,5,45,118
1664,5,43,118
1665,5,159,118
1666,0,146,118
1667,19,174,125
1668,19,75,125
1669,4,19,125
1670,19,75,125
1671,7,157,125
1672,5,45,125
1673,4,179,125
1674,16,52,125
1675,4,19,125
1676,9,93,125
1677,7,157,244
1678,1,7,244
1679,12,23,244
1680,10,46,244
1681,8,56,244
1682,7,157,244
1683,7,157,244
1684,18,165,244
1685,2,1,244
1686,1,7,244
1687,8,54,223
1688,5,155,223
1689,5,155,223
1690,13,156,223
1691,13,49,223
1692,13,156,223
1693,8,56,223
1694,3,24,223
1695,16,52,223
1696,12,78,223
1697,19,174,110
1698,8,56,110
1699,16,52,110
1700,1,18,110
1701,16,52,98
1702,0,146,98
1703,6,13,98
1704,1,7,98
1705,8,56,98
1706,20,177,98
1707,20,0,98
1708,5,44,98
1709,9,93,98
1710,12,82,98
1711,9,67,209
1712,10,94,209
1713,6,33,209
1714,1,18,209
1715,3,24,209
1716,1,7,209
1717,1,18,209
1718,1,7,209
1719,7,157,209
1720,20,81,209
1721,12,23,178
1722,18,165,178
1723,20,81,112
1724,12,78,112
1725,8,56,112
1726,3,24,112
1727,20,176,112
1728,11,116,112
1729,8,56,112
1730,3,24,112
1731,6,33,112
1732,20,81,112
1733,1,164,117
1734,0,145,117
1735,6,13,117
1736,16,61,117
1737,12,78,117
1738,20,81,117
1739,0,5,117
1740,7,157,117
1741,4,37,117
1742,12,141,117
1743,7,157,213
1744,20,177,213
1745,7,157,213
1746,4,19,213
1747,3,24,213
1748,2,10,213
1749,7,157,213
1750,7,157,213
1751,5,159,213
1752,9,92,213
1753,13,156,95
1754,5,44,95
1755,1,8,95
1756,12,78,95
1757,16,52,95
1758,7,157,92
1759,4,19,92
1760,7,86,92
1761,8,56,92
1762,6,33,92
1763,3,24,92
1764,3,24,92
1765,3,24,92
1766,3,24,92
1767,8,3,92
1768,3,24,220
1769,7,157,220
1770,4,36,220
1771,20,81,220
1772,3,24,220
1773,3,24,220
1774,3,24,220
1775,12,78,220
1776,7,137,220
1777,1,7,220
1778,7,29,103
1779,3,24,103
1780,3,24,103
1781,1,7,103
1782,7,137,103
1783,4,179,103
1784,3,24,103
1785,3,24,103
1786,1,8,103
1787,3,24,103
1788,9,95,121
1789,4,19,121
1790,6,80,121
1791,7,157,121
1792,7,157,121
1793,4,19,121
1794,16,52,226
1795,16,52,226
1796,16,52,226
1797,16,52,226
1798,16,52,226
1799,16,70,226
1800,16,70,226
1801,8,56,226
1802,3,24,226
1803,11,116,305
1804,12,128,305
1805,4,179,305
1806,13,57,305
1807,19,75,305
1808,11,116,305
1809,4,19,305
1810,3,24,305
1811,3,24,305
1812,16,52,305
1813,4,179,378
1814,0,145,378
1815,4,179,378
1816,1,7,378
1817,12,128,378
1818,13,4,378
1819,3,24,378
1820,11,118,378
1821,3,24,378
1822,11,118,378
1823,3,24,291
1824,8,71,291
1825,1,18,291
1826,11,117,291
1827,12,78,291
1828,16,52,291
1829,8,56,291
1830,19,174,291
1831,4,37,291
1832,13,64,291
1833,3,24,659
1834,6,33,659
1835,1,34,659
1836,1,8,659
1837,1,7,659
1838,12,128,659
1839,12,78,659
1840,6,32,659
1841,8,56,659
1842,8,71,659
1843,12,30,268
1844,7,29,268
1845,3,24,268
1846,8,56,268
1847,3,24,268
1848,3,24,268
1849,1,18,268
1850,13,154,268
1851,7,29,268
1852,11,118,268
1853,18,165,297
1854,20,81,297
1855,7,157,297
1856,9,93,297
1857,8,56,297
1858,8,56,297
1859,20,0,297
1860,12,130,297
1861,7,157,297
1862,16,61,297
1863,16,52,338
1864,1,18,338
1865,12,23,338
1866,19,174,338
1867,1,7,338
1868,16,52,338
1869,13,4,338
1870,19,75,338
1871,3,24,338
1872,3,24,338
1873,6,32,312
1874,16,70,312
1875,19,75,312
1876,8,56,312
1877,8,71,312
1878,1,18,312
1879,6,32,312
1880,6,32,312
1881,13,64,312
1882,16,59,312
1883,9,67,248
1884,0,145,248
1885,12,78,248
1886,3,24,248
1887,16,16,248
1888,3,24,248
1889,12,131,248
1890,0,145,248
1891,16,59,248
1892,0,146,248
1893,0,145,235
1894,0,145,235
1895,18,165,235
1896,4,37,313
1897,13,156,469
1898,3,24,469
1899,11,118,469
1900,11,116,469
1901,1,18,469
1902,0,145,469
1903,4,19,469
1904,2,119,469
1905,12,74,469
1906,9,92,469
1907,1,18,470
1908,12,131,470
1909,16,136,470
1910,3,24,470
1911,10,97,470
1912,4,19,470
1913,8,56,470
1914,9,92,470
1915,16,52,470
1916,4,179,470
1917,2,1,497
1918,3,24,497
1919,12,74,497
1920,8,56,497
1921,13,4,497
1922,11,117,497
1923,8,140,497
1924,3,24,497
1925,13,4,497
1926,12,131,497
1927,11,115,454
1928,17,20,454
1929,3,24,454
1930,6,33,454
1931,13,4,454
1932,9,92,454
1933,11,116,454
1934,16,52,454
1935,3,24,454
1936,12,128,454
1937,12,78,415
1938,13,57,415
1939,13,4,415
1940,4,179,415
1941,1,164,415
1942,13,150,415
1943,0,144,415
1944,12,74,415
1945,2,119,415
1946,13,64,415
1947,3,24,496
1948,4,179,496
1949,12,131,496
1950,16,52,496
1951,11,118,496
1952,1,18,496
1953,11,112,496
1954,11,115,496
1955,4,19,496
1956,20,81,496
1957,11,117,417
1958,19,75,417
1959,13,156,417
1960,8,56,417
1961,11,118,417
1962,4,19,417
1963,13,57,417
1964,11,115,417
1965,12,78,417
1966,13,64,417
1967,9,92,472
1968,6,33,472
1969,3,24,472
1970,4,19,472
1971,16,162,472
1972,2,1,472
1973,4,19,472
1974,12,23,472
1975,4,19,472
1976,4,19,472
1977,0,148,426
1978,0,145,426
1979,13,150,426
1980,6,80,426
1981,12,120,426
1982,0,146,426
1983,13,4,426
1984,20,177,426
1985,20,0,426
1986,20,0,426
1987,7,157,416
1988,12,58,416
1989,20,0,416
1990,13,156,416
1991,7,157,416
1992,12,23,416
1993,4,19,416
1994,2,119,416
1995,7,157,416
1996,11,118,416
1997,13,4,451
1998,7,157,451
1999,6,32,451
2000,13,4,451
2001,13,64,451
2002,6,32,451
2003,6,32,451
2004,6,32,451
2005,13,4,451
2006,13,4,451
2007,20,177,453
2008,8,140,453
2009,7,157,453
2010,0,146,453
2011,13,64,453
2012,4,19,453
2013,0,145,453
2014,13,57,453
2015,8,65,453
2016,7,86,453
2017,2,119,452
2018,7,157,452
2019,0,145,452
2020,13,64,452
2021,16,52,452
2022,5,155,452
2023,12,131,452
2024,16,52,452
2025,12,131,452
2026,16,70,452
2027,11,117,431
2028,13,4,431
2029,13,64,431
2030,16,52,431
2031,16,59,431
2032,12,74,431
2033,13,64,431
2034,4,19,431
2035,11,115,431
2036,11,118,431
2037,13,156,443
2038,13,64,443
2039,0,145,443
2040,16,52,443
2041,13,64,443
2042,0,145,443
2043,18,165,443
2044,7,86,443
2045,7,157,443
2046,0,145,443
2047,12,74,435
2048,8,56,435
2049,0,144,435
2050,19,75,435
2051,17,15,435
2052,8,56,435
2053,8,56,435
2054,4,179,435
2055,12,78,435
2056,4,19,435
2057,12,131,425
2058,0,145,425
2059,8,56,425
2060,5,159,425
2061,6,33,425
2062,4,179,425
2063,4,19,425
2064,20,81,422
2065,20,0,422
2066,0,146,422
2067,5,155,422
2068,6,33,422
2069,4,179,422
2070,3,24,422
2071,16,52,422
2072,1,18,422
2073,0,148,422
2074,3,24,418
2075,11,118,418
2076,11,115,418
2077,3,24,418
2078,1,7,418
2079,1,21,418
2080,12,128,418
2081,4,19,418
2082,0,146,521
2083,16,16,521
2084,12,78,521
2085,16,162,521
2086,1,18,521
2087,16,16,521
2088,8,56,521
2089,4,179,521
2090,4,179,521
2091,16,52,521
2092,18,165,547
2093,4,179,547
2094,3,24,547
2095,1,18,547
2096,13,64,547
2097,3,24,547
2098,18,165,547
2099,3,24,547
2100,3,24,547
2101,16,59,547
2102,6,32,509
2103,3,24,509
2104,8,140,509
2105,0,145,509
2106,16,16,509
2107,7,66,509
2108,13,4,509
2109,0,146,509
2110,13,49,509
2111,1,18,509
2112,16,59,513
2113,4,179,513
2114,0,148,513
2115,1,18,513
2116,12,131,513
2117,16,52,513
2118,3,24,513
2119,6,32,513
2120,13,4,513
2121,13,4,513
2122,13,64,558
2123,6,13,558
2124,16,52,558
2125,11,115,558
2126,6,33,558
2127,3,24,558
2128,16,52,558
2129,4,179,558
2130,6,79,558
2131,1,18,558
2132,18,165,580
2133,16,163,580
2134,16,61,580
2135,7,157,580
2136,0,145,580
2137,11,115,580
2138,13,64,580
2139,8,71,580
2140,0,145,580
2141,12,141,580
2142,10,94,508
2143,16,52,508
2144,13,156,508
2145,1,18,508
2146,8,56,508
2147,6,13,508
2148,10,99,508
2149,13,4,508
2150,5,155,508
2151,0,145,508
2152,12,131,535
2153,11,118,535
2154,3,24,535
2155,1,7,535
2156,1,8,535
2157,1,7,535
2158,3,24,535
2159,16,160,524
2160,12,74,524
2161,8,56,524
2162,3,24,524
2163,1,18,524
2164,12,78,524
2165,11,117,524
2166,18,165,524
2167,11,117,524
2168,4,19,524
2169,16,52,523
2170,11,118,523
2171,12,30,523
2172,16,52,523
2173,12,74,523
2174,3,24,523
2175,2,119,523
2176,11,111,523
2177,16,52,523
2178,16,52,523
2179,8,71,599
2180,12,78,599
2181,1,39,599
2182,18,165,599
2183,1,7,599
2184,12,78,599
2185,12,130,599
2186,12,23,599
2187,3,24,599
2188,6,13,599
2189,1,7,3
2190,1,7,3
2191,18,165,3
2192,18,165,3
2193,1,7,3
2194,18,165,3
2195,7,157,3
2196,7,157,3
2197,4,179,3
2198,1,39,90
2199,8,56,90
2200,16,52,90
2201,8,71,90
2202,16,52,90
2203,3,24,90
2204,3,24,90
2205,8,56,90
2206,6,32,90
2207,17,15,90
2208,4,179,84
2209,16,52,84
2210,5,44,84
2211,4,179,84
2212,1,7,84
2213,13,64,84
2214,13,4,84
2215,20,177,84
2216,4,19,84
2217,0,146,84
2218,2,119,200
2219,6,32,200
2220,13,4,200
2221,3,158,200
2222,6,13,200
2223,16,52,200
2224,12,128,200
2225,1,18,200
2226,12,74,200
2227,16,163,200
2228,0,145,182
2229,4,126,182
2230,13,156,182
2231,1,7,182
2232,4,167,182
2233,19,166,182
2234,12,78,182
2235,1,18,182
2236,19,174,182
2237,0,146,182
2238,0,145,77
2239,16,52,77
2240,16,52,77
2241,0,148,77
2242,12,131,77
2243,3,24,77
2244,13,64,77
2245,6,13,77
2246,13,156,77
2247,3,24,77
2248,12,23,93
2249,1,8,93
2250,20,177,93
2251,17,15,93
2252,16,52,93
2253,5,44,93
2254,20,0,93
2255,5,44,93
2256,13,4,93
2257,13,49,93
2258,0,151,133
2259,13,4,133
2260,9,93,133
2261,0,146,133
2262,8,56,133
2263,4,19,133
2264,3,24,133
2265,20,81,133
2266,2,125,133
2267,19,28,133
2268,20,0,142
2269,1,7,142
2270,1,18,142
2271,0,145,142
2272,6,13,142
2273,4,179,142
2274,13,4,142
2275,0,145,142
2276,7,86,142
2277,4,19,142
2278,2,119,191
2279,12,131,191
2280,3,24,191
2281,13,64,191
2282,0,145,191
2283,3,24,191
2284,7,138,191
2285,5,45,191
2286,16,52,191
2287,3,24,191
2288,9,92,102
2289,5,155,102
2290,20,0,102
2291,19,174,102
2292,7,66,102
2293,7,157,102
2294,16,52,102
2295,20,177,102
2296,0,148,102
2297,5,44,102
2298,7,66,169
2299,13,57,169
2300,7,157,169
2301,13,57,169
2302,12,131,169
2303,13,4,169
2304,16,52,169
2305,13,57,169
2306,0,145,169
2307,13,57,169
2308,4,19,159
2309,5,159,159
2310,16,52,159
2311,20,177,159
2312,12,58,159
2313,11,116,159
2314,13,4,159
2315,12,78,159
2316,19,75,159
2317,12,131,159
2318,5,155,129
2319,5,155,129
2320,19,174,129
2321,8,71,129
2322,0,146,129
2323,2,119,129
2324,2,119,129
2325,2,119,129
2326,5,159,129
2327,13,156,129
2328,13,4,100
2329,13,4,100
2330,13,64,100
2331,13,156,100
2332,17,20,100
2333,9,92,100
2334,4,19,100
2335,3,24,177
2336,12,130,177
2337,20,81,177
2338,4,19,177
2339,7,29,177
2340,1,18,177
2341,9,67,177
2342,1,7,177
2343,2,119,177
2344,6,33,177
2345,5,155,140
2346,16,52,140
2347,8,56,140
2348,19,75,140
2349,16,160,140
2350,6,33,140
2351,3,24,140
2352,3,24,140
2353,4,19,140
2354,1,18,140
2355,2,119,210
2356,5,155,210
2357,17,15,210
2358,0,145,210
2359,16,52,210
2360,2,119,210
2361,4,19,210
2362,5,45,210
2363,20,0,210
2364,3,35,210
2365,20,177,206
2366,19,75,206
2367,0,145,206
2368,12,127,206
2369,16,52,206
2370,5,159,206
2371,4,179,206
2372,4,19,206
2373,3,24,206
2374,0,146,206
2375,12,58,212
2376,4,36,212
2377,10,94,212
2378,3,24,212
2379,0,145,212
2380,5,44,212
2381,6,13,212
2382,12,130,212
2383,4,19,212
2384,12,78,212
2385,7,157,137
2386,11,118,137
2387,6,33,137
2388,17,20,137
2389,7,157,137
2390,7,157,137
2391,2,119,137
2392,7,157,137
2393,19,75,137
2394,1,7,137
2395,1,7,122
2396,12,55,122
2397,17,15,122
2398,5,159,122
2399,20,0,122
2400,20,81,122
2401,13,154,122
2402,4,19,122
2403,4,19,122
2404,7,157,122
2405,16,52,138
2406,6,33,138
2407,7,157,138
2408,5,159,138
2409,4,19,138
2410,7,157,138
2411,12,23,138
2412,9,92,138
2413,1,18,138
2414,8,56,138
2415,12,141,144
2416,1,18,144
2417,12,78,144
2418,7,29,144
2419,12,60,144
2420,5,45,144
2421,5,155,144
2422,3,24,144
2423,1,7,144
2424,10,99,144
2425,13,57,203
2426,12,131,203
2427,12,78,203
2428,0,148,203
2429,16,52,203
2430,0,145,105
2431,5,155,105
2432,5,159,105
2433,13,156,105
2434,5,155,105
2435,13,4,105
2436,0,148,105
2437,13,154,105
2438,19,28,105
2439,0,146,105
2440,20,177,97
2441,4,19,97
2442,19,75,97
2443,8,56,97
2444,20,177,97
2445,20,0,97
2446,5,44,97
2447,20,177,97
2448,19,75,97
2449,3,24,97
2450,2,119,189
2451,3,24,189
2452,16,52,189
2453,3,24,189
2454,13,156,189
2455,16,52,189
2456,12,130,189
2457,12,131,189
2458,5,159,189
2459,3,24,189
2460,20,0,240
2461,13,4,240
2462,3,24,240
2463,5,44,240
2464,8,71,240
2465,7,48,240
2466,4,179,240
2467,17,20,240
2468,3,24,240
2469,4,19,240
2470,7,48,151
2471,19,174,151
2472,20,177,151
2473,0,146,151
2474,20,81,151
2475,12,78,151
2476,6,13,151
2477,12,131,151
2478,5,155,151
2479,19,75,151
2480,4,19,237
2481,0,148,237
2482,2,10,237
2483,12,58,237
2484,13,154,237
2485,5,44,237
2486,6,13,237
2487,16,61,237
2488,13,154,237
2489,0,145,237
2490,5,44,149
2491,19,75,149
2492,12,74,149
2493,19,75,149
2494,3,24,149
2495,6,13,149
2496,12,78,149
2497,20,177,149
2498,7,157,149
2499,5,155,149
2500,8,56,158
2501,20,177,158
2502,4,19,158
2503,6,13,158
2504,3,24,158
2505,12,78,158
2506,12,78,158
2507,20,81,158
2508,12,78,158
2509,7,157,158
2510,19,98,113
2511,13,172,113
2512,2,11,113
2513,11,116,113
2514,1,7,113
2515,1,7,113
2516,4,19,113
2517,19,174,216
2518,12,130,216
2519,5,45,216
2520,3,24,216
2521,11,118,216
2522,7,157,216
2523,7,29,216
2524,8,56,216
2525,5,159,216
2526,8,71,216
2527,19,75,148
2528,12,128,148
2529,16,59,148
2530,19,174,148
2531,12,130,148
2532,19,174,148
2533,20,31,148
2534,12,128,148
2535,5,155,148
2536,12,131,148
2537,19,174,170
2538,12,131,170
2539,12,127,170
2540,2,119,170
2541,9,92,170
2542,5,44,170
2543,5,155,170
2544,1,7,170
2545,16,52,170
2546,1,18,202
2547,20,177,202
2548,3,24,202
2549,5,159,202
2550,0,146,202
2551,13,64,202
2552,13,150,202
2553,8,56,202
2554,9,95,202
2555,9,92,202
2556,0,146,230
2557,4,179,230
2558,3,24,230
2559,12,131,230
2560,20,177,230
2561,0,145,230
2562,16,52,230
2563,12,78,230
2564,3,24,230
2565,4,179,230
2566,12,130,175
2567,12,127,175
2568,12,127,175
2569,12,74,175
2570,1,7,175
2571,20,0,175
2572,7,22,175
2573,4,179,175
2574,4,179,175
2575,0,145,196
2576,4,19,196
2577,0,146,196
2578,8,56,196
2579,3,24,196
2580,4,19,196
2581,2,119,196
2582,16,52,196
2583,12,131,196
2584,4,19,196
2585,1,7,185
2586,16,52,185
2587,12,78,185
2588,5,155,185
2589,12,130,185
2590,8,71,185
2591,11,117,185
2592,8,56,185
2593,11,118,185
2594,11,116,185
2595,12,128,231
2596,12,128,231
2597,16,163,231
2598,12,128,231
2599,20,177,231
2600,7,66,231
2601,7,29,231
2602,7,48,231
2603,12,58,231
2604,9,93,231
2605,0,146,161
2606,16,52,161
2607,12,78,161
2608,12,78,161
2609,20,81,161
2610,7,48,161
2611,5,155,161
2612,12,141,161
2613,20,81,161
2614,8,71,161
2615,3,24,164
2616,12,78,164
2617,20,177,164
2618,20,81,164
2619,20,0,164
2620,16,52,164
2621,12,78,224
2622,12,74,224
2623,0,146,224
2624,8,71,224
2625,5,155,224
2626,4,19,224
2627,16,52,224
2628,0,146,165
2629,4,179,165
2630,16,52,165
2631,16,52,165
2632,8,56,233
2633,13,4,233
2634,4,19,233
2635,16,52,233
2636,16,52,233
2637,16,52,233
2638,9,92,233
2639,8,56,233
2640,5,159,233
2641,2,119,233
2642,13,64,239
2643,6,13,239
2644,13,4,239
2645,12,78,239
2646,10,96,239
2647,1,18,239
2648,0,145,239
2649,5,155,239
2650,12,78,239
2651,1,164,239
2652,2,119,82
2653,5,159,82
2654,11,117,82
2655,20,177,82
2656,20,0,82
2657,4,19,82
2658,13,64,234
2659,3,24,234
2660,17,15,234
2661,8,56,234
2662,13,64,234
2663,13,57,234
2664,17,15,234
2665,17,15,234
2666,4,19,234
2667,0,145,234
2668,1,39,172
2669,18,165,264
2670,16,52,264
2671,20,81,264
2672,1,7,264
2673,16,52,264
2674,13,64,264
2675,8,56,264
2676,5,42,264
2677,20,81,264
2678,0,145,264
2679,3,24,341
2680,8,56,341
2681,3,24,341
2682,6,13,341
2683,3,24,341
2684,4,179,341
2685,2,143,341
2686,17,20,341
2687,20,81,341
2688,16,52,341
2689,17,15,289
2690,1,164,289
2691,1,7,289
2692,1,18,289
2693,16,52,289
2694,2,11,289
2695,2,119,289
2696,17,15,289
2697,4,19,289
2698,13,4,289
2699,7,157,246
2700,6,13,246
2701,13,4,246
2702,7,29,246
2703,16,52,246
2704,7,29,246
2705,13,4,246
2706,7,66,246
2707,19,75,246
2708,13,4,246
2709,1,18,278
2710,0,146,278
2711,4,19,278
2712,4,19,278
2713,4,19,278
2714,13,4,278
2715,0,145,278
2716,5,155,278
2717,8,71,278
2718,6,13,278
2719,12,23,328
2720,12,23,328
2721,12,23,328
2722,17,15,328
2723,16,52,328
2724,12,131,328
2725,7,86,328
2726,8,56,328
2727,13,4,328
2728,8,140,328
2729,12,78,329
2730,20,81,329
2731,13,4,329
2732,20,81,329
2733,13,4,329
2734,8,56,329
2735,12,131,329
2736,12,131,329
2737,5,159,329
2738,20,0,329
2739,9,95,273
2740,5,44,273
2741,10,27,273
2742,0,5,273
2743,2,12,273
2744,9,92,273
2745,3,24,273
2746,8,56,273
2747,8,56,273
2748,4,179,273
2749,8,71,290
2750,4,19,290
2751,0,145,290
2752,16,52,290
2753,6,13,290
2754,13,4,290
2755,4,37,290
2756,12,78,290
2757,4,179,290
2758,5,155,290
2759,8,56,439
2760,6,13,439
2761,4,19,439
2762,7,138,439
2763,0,145,439
2764,1,18,439
2765,13,172,439
2766,1,18,439
2767,2,1,439
2768,20,177,439
2769,4,19,323
2770,16,52,323
2771,13,4,323
2772,7,157,323
2773,16,52,323
2774,4,19,323
2775,20,0,323
2776,3,24,323
2777,8,140,323
2778,8,56,323
2779,13,156,319
2780,9,93,319
2781,1,18,319
2782,13,57,319
2783,4,19,319
2784,4,19,319
2785,1,7,319
2786,1,18,319
2787,13,64,319
2788,12,23,319
2789,7,29,315
2790,13,64,315
2791,7,29,315
2792,13,64,315
2793,7,29,315
2794,3,24,315
2795,9,153,315
2796,12,55,315
2797,20,0,315
2798,3,24,315
2799,1,7,242
2800,10,124,242
2801,13,4,242
2802,19,75,242
2803,12,78,242
2804,13,64,242
2805,6,79,242
2806,12,120,242
2807,0,145,242
2808,12,55,242
2809,5,155,357
2810,0,145,357
2811,13,64,357
2812,8,56,357
2813,13,49,357
2814,3,24,357
2815,16,52,357
2816,6,13,357
2817,12,127,357
2818,8,71,357
2819,13,150,303
2820,1,7,303
2821,5,159,303
2822,1,18,303
2823,0,148,303
2824,0,146,303
2825,13,154,303
2826,4,19,303
2827,5,159,303
2828,12,74,303
2829,0,145,358
2830,8,56,358
2831,16,52,358
2832,16,52,358
2833,11,117,358
2834,17,15,358
2835,7,157,358
2836,8,9,358
2837,2,119,358
2838,12,78,358
2839,13,156,365
2840,0,146,365
2841,8,56,365
2842,5,159,365
2843,5,155,365
2844,0,146,365
2845,13,4,365
2846,12,74,365
2847,0,145,365
2848,12,78,365
2849,13,57,336
2850,17,15,336
2851,4,19,336
2852,8,140,336
2853,3,24,336
2854,1,18,336
2855,4,19,336
2856,4,19,336
2857,20,81,336
2858,7,157,336
2859,13,64,298
2860,4,37,298
2861,4,19,298
2862,4,19,298
2863,16,52,298
2864,20,81,272
2865,4,19,272
2866,12,170,272
2867,3,24,272
2868,0,145,272
2869,2,119,272
2870,16,52,272
2871,16,61,272
2872,20,177,272
2873,9,72,272
2874,13,64,295
2875,0,146,295
2876,8,56,295
2877,5,155,295
2878,11,117,295
2879,3,24,295
2880,1,7,295
2881,18,165,295
2882,10,27,320
2883,12,23,320
2884,8,56,320
2885,0,145,320
2886,16,52,320
2887,5,155,320
2888,16,52,320
2889,12,170,320
2890,0,145,320
2891,4,19,320
2892,13,172,307
2893,12,131,307
2894,0,146,307
2895,12,131,307
2896,16,52,307
2897,8,140,307
2898,5,155,307
2899,4,19,307
2900,3,24,307
2901,11,115,307
2902,16,52,247
2903,16,52,247
2904,5,159,247
2905,13,49,247
2906,6,32,247
2907,16,52,247
2908,16,59,247
2909,16,59,247
2910,3,24,247
2911,13,49,247
2912,19,75,251
2913,0,145,251
2914,1,7,251
2915,1,18,251
2916,7,48,251
2917,19,174,249
2918,10,181,249
2919,11,118,249
2920,1,18,249
2921,20,81,249
2922,7,157,249
2923,16,52,249
2924,2,11,288
2925,8,56,288
2926,3,24,288
2927,4,19,288
2928,0,145,288
2929,20,81,288
2930,9,93,288
2931,7,157,288
2932,1,18,288
2933,9,92,288
2934,10,124,243
2935,5,155,243
2936,12,23,243
2937,0,144,243
2938,11,116,243
2939,0,146,243
2940,8,71,243
2941,10,27,243
2942,3,24,243
2943,3,24,243
2944,5,155,373
2945,4,19,373
2946,7,157,373
2947,19,174,373
2948,1,18,373
2949,0,145,373
2950,13,64,373
2951,10,94,373
2952,10,94,373
2953,20,177,373
2954,12,23,265
2955,18,165,265
2956,4,36,265
2957,4,36,265
2958,1,8,299
2959,1,7,299
2960,18,165,299
2961,8,56,299
2962,11,115,299
2963,4,179,299
2964,8,90,299
2965,4,19,299
2966,11,112,299
2967,10,27,299
2968,1,7,277
2969,3,24,448
2970,6,13,448
2971,0,146,448
2972,8,56,448
2973,8,56,448
2974,1,7,448
2975,9,93,448
2976,8,56,448
2977,0,145,448
2978,12,78,448
2979,4,179,462
2980,11,118,462
2981,3,24,462
2982,0,145,462
2983,12,78,462
2984,12,78,462
2985,11,112,462
2986,11,118,462
2987,3,24,462
2988,11,117,462
2989,5,42,445
2990,13,4,445
2991,13,156,445
2992,11,117,445
2993,12,131,445
2994,16,52,445
2995,11,116,445
2996,13,154,445
2997,11,118,445
2998,19,174,445
2999,6,13,530
3000,4,179,530
3001,6,13,530
3002,1,164,530
3003,4,19,530
3004,12,128,530
3005,16,52,530
3006,3,24,530
3007,17,15,530
3008,1,7,530
3009,8,56,414
3010,13,4,414
3011,20,177,414
3012,5,44,414
3013,8,56,414
3014,12,78,414
3015,10,96,414
3016,13,64,414
3017,8,56,414
3018,16,52,414
3019,3,24,473
3020,11,116,473
3021,1,7,473
3022,13,4,473
3023,3,24,473
3024,3,24,473
3025,2,11,473
3026,13,4,473
3027,4,179,473
3028,3,24,473
3029,12,131,502
3030,9,72,502
3031,3,24,502
3032,13,57,502
3033,13,64,502
3034,7,157,502
3035,13,64,502
3036,4,19,502
3037,8,56,502
3038,13,64,502
3039,13,4,475
3040,4,179,475
3041,13,64,475
3042,11,117,475
3043,13,64,475
3044,12,78,475
3045,6,13,475
3046,4,19,475
3047,2,125,475
3048,13,4,475
3049,16,52,436
3050,18,165,436
3051,7,157,436
3052,13,4,436
3053,1,7,436
3054,16,52,436
3055,13,64,436
3056,13,4,436
3057,1,18,436
3058,13,156,436
3059,11,118,474
3060,3,24,474
3061,4,19,474
3062,4,19,474
3063,7,29,474
3064,3,24,474
3065,6,33,474
3066,4,179,474
3067,1,7,474
3068,16,162,474
3069,13,4,423
3070,0,145,423
3071,16,52,423
3072,3,24,423
3073,3,24,423
3074,8,56,423
3075,7,157,423
3076,12,78,423
3077,0,145,423
3078,16,52,423
3079,11,118,438
3080,2,12,438
3081,4,179,438
3082,4,19,438
3083,4,19,438
3084,10,124,438
3085,8,71,438
3086,5,44,438
3087,4,19,438
3088,4,179,438
3089,6,13,490
3090,11,116,490
3091,11,114,490
3092,12,127,490
3093,1,7,490
3094,16,52,490
3095,12,141,490
3096,11,117,490
3097,3,24,490
3098,11,115,490
3099,0,145,503
3100,17,15,503
3101,0,145,503
3102,3,24,503
3103,2,1,503
3104,13,4,503
3105,0,145,503
3106,3,24,503
3107,4,19,503
3108,13,4,503
3109,0,145,479
3110,12,128,479
3111,16,52,479
3112,14,68,479
3113,1,18,479
3114,1,7,479
3115,16,160,479
3116,4,19,479
3117,1,7,479
3118,6,13,479
3119,17,15,460
3120,13,4,460
3121,5,155,460
3122,16,16,460
3123,12,23,460
3124,4,19,460
3125,4,19,460
3126,12,74,460
3127,5,44,460
3128,13,154,460
3129,3,24,457
3130,4,19,457
3131,0,145,457
3132,11,111,457
3133,11,118,457
3134,11,118,457
3135,11,118,457
3136,3,24,457
3137,3,24,457
3138,3,24,457
3139,3,24,421
3140,13,64,421
3141,7,157,421
3142,12,78,421
3143,8,56,421
3144,6,13,421
3145,7,48,421
3146,5,159,421
3147,9,147,421
3148,4,179,421
3149,13,64,399
3150,13,172,399
3151,12,78,399
3152,12,78,399
3153,0,145,399
3154,6,13,399
3155,12,78,399
3156,3,24,399
3157,16,59,399
3158,16,52,433
3159,2,119,433
3160,16,52,433
3161,0,145,433
3162,16,52,433
3163,8,90,433
3164,12,23,433
3165,12,171,433
3166,7,29,433
3167,6,32,433
3168,11,116,437
3169,7,157,437
3170,4,179,437
3171,13,156,437
3172,11,116,437
3173,6,13,437
3174,16,52,437
3175,12,131,437
3176,6,13,437
3177,17,15,437
3178,13,64,504
3179,11,115,504
3180,2,119,504
3181,5,159,504
3182,1,18,504
3183,16,52,504
3184,8,89,504
3185,7,29,504
3186,4,19,504
3187,13,172,455
3188,12,128,455
3189,11,118,455
3190,11,116,455
3191,11,115,455
3192,4,179,455
3193,4,179,455
3194,8,56,401
3195,16,52,401
3196,0,146,401
3197,2,119,401
3198,4,179,401
3199,0,145,401
3200,5,44,401
3201,4,179,401
3202,6,13,401
3203,5,44,401
3204,4,179,478
3205,5,155,478
3206,0,145,478
3207,12,127,478
3208,4,179,478
3209,12,128,478
3210,0,146,478
3211,6,13,478
3212,4,179,478
3213,7,29,478
3214,17,20,494
3215,7,157,494
3216,11,118,494
3217,7,48,494
3218,3,24,494
3219,3,24,494
3220,3,26,494
3221,3,24,494
3222,12,131,494
3223,4,19,494
3224,3,24,501
3225,4,179,501
3226,11,118,501
3227,5,44,501
3228,11,115,501
3229,4,19,501
3230,7,29,501
3231,3,24,501
3232,13,156,501
3233,1,18,501
3234,19,174,463
3235,12,141,463
3236,0,148,463
3237,5,159,463
3238,12,131,463
3239,3,24,463
3240,0,145,463
3241,20,0,463
3242,3,24,463
3243,11,117,463
3244,0,5,492
3245,1,7,492
3246,3,24,492
3247,7,157,492
3248,4,19,458
3249,9,92,458
3250,3,24,458
3251,18,165,458
3252,3,24,458
3253,11,118,458
3254,11,118,458
3255,11,118,458
3256,1,164,458
3257,11,115,458
3258,11,118,515
3259,1,7,515
3260,0,5,515
3261,3,24,515
3262,13,4,515
3263,8,65,515
3264,3,24,515
3265,6,13,515
3266,12,78,515
3267,11,112,515
3268,3,24,520
3269,4,19,520
3270,3,24,520
3271,1,18,520
3272,4,19,520
3273,1,18,520
3274,20,0,520
3275,4,19,520
3276,9,92,520
3277,16,162,520
3278,12,74,568
3279,5,155,568
3280,13,4,568
3281,8,56,568
3282,0,148,568
3283,1,18,568
3284,8,71,568
3285,0,145,568
3286,2,143,568
3287,7,157,568
3288,10,99,569
3289,1,18,569
3290,2,12,569
3291,16,61,569
3292,16,52,569
3293,13,64,569
3294,1,7,569
3295,13,154,569
3296,12,131,569
3297,4,179,569
3298,13,172,539
3299,20,0,539
3300,6,13,539
3301,12,131,539
3302,20,0,539
3303,3,24,539
3304,4,19,539
3305,20,177,539
3306,17,15,539
3307,3,24,539
3308,12,120,522
3309,13,154,522
3310,13,4,522
3311,16,52,522
3312,0,144,522
3313,12,78,522
3314,0,146,522
3315,19,174,522
3316,13,4,522
3317,12,60,522
3318,0,146,589
3319,16,52,589
3320,16,61,589
3321,11,118,589
3322,8,56,589
3323,6,13,589
3324,5,155,589
3325,16,52,589
3326,3,24,589
3327,2,119,589
3328,12,171,556
3329,1,7,556
3330,3,24,556
3331,16,52,556
3332,11,112,556
3333,4,19,556
3334,16,16,556
3335,6,13,556
3336,3,24,556
3337,12,141,556
3338,13,64,512
3339,0,145,512
3340,5,155,512
3341,13,57,512
3342,13,64,512
3343,2,1,512
3344,13,64,512
3345,9,93,512
3346,13,4,512
3347,4,19,512
3348,20,0,581
3349,13,64,581
3350,4,179,581
3351,0,145,581
3352,6,32,581
3353,1,18,581
3354,9,92,581
3355,16,52,581
3356,2,119,581
3357,17,20,581
3358,4,179,534
3359,13,4,534
3360,13,156,534
3361,12,131,534
3362,13,49,534
3363,13,156,534
3364,4,19,534
3365,1,7,534
3366,13,4,534
3367,13,64,534
3368,0,145,636
3369,8,56,636
3370,13,4,636
3371,3,24,636
3372,4,179,636
3373,4,179,636
3374,2,119,636
3375,8,71,636
3376,9,92,636
3377,16,59,636
3378,3,24,615
3379,11,118,615
3380,8,90,615
3381,12,74,615
3382,3,24,615
3383,13,4,615
3384,3,24,615
3385,19,174,615
3386,4,36,615
3387,20,0,615
3388,5,42,596
3389,12,141,596
3390,7,157,596
3391,13,57,596
3392,5,155,596
3393,17,20,596
3394,10,94,596
3395,5,155,596
3396,2,38,596
3397,8,56,596
3398,20,81,627
3399,4,19,627
3400,4,179,627
3401,12,130,627
3402,3,24,627
3403,3,24,627
3404,6,32,627
3405,13,150,627
3406,12,128,627
3407,3,24,627
3408,0,145,555
3409,3,24,555
3410,5,159,555
3411,6,33,555
3412,11,118,555
3413,7,157,555
3414,11,117,555
3415,3,24,555
3416,4,179,555
3417,6,13,555
3418,11,115,573
3419,16,52,573
3420,3,24,573
3421,11,116,573
3422,4,19,573
3423,3,24,573
3424,3,24,573
3425,8,56,573
3426,11,118,573
3427,9,93,573
3428,12,141,540
3429,0,146,540
3430,11,116,540
3431,4,179,540
3432,12,128,540
3433,12,170,540
3434,16,59,540
3435,16,59,540
3436,3,24,540
3437,19,174,540
3438,5,159,611
3439,0,146,611
3440,16,52,611
3441,10,94,611
3442,5,44,611
3443,12,128,611
3444,6,32,611
3445,16,52,611
3446,5,44,611
3447,2,119,611
3448,12,78,545
3449,20,81,545
3450,6,32,545
3451,3,24,545
3452,3,24,545
3453,4,19,545
3454,6,32,545
3455,12,78,545
3456,20,31,545
3457,8,140,545
3458,5,155,609
3459,16,52,609
3460,8,71,609
3461,8,71,609
3462,3,24,609
3463,8,71,609
3464,0,146,609
3465,3,24,609
3466,0,146,609
3467,0,148,609
3468,7,157,553
3469,13,154,553
3470,12,128,553
3471,4,179,553
3472,12,78,553
3473,18,165,553
3474,13,154,553
3475,7,48,553
3476,13,154,553
3477,11,118,553
3478,7,48,543
3479,9,93,543
3480,7,29,543
3481,13,154,543
3482,13,154,543
3483,12,78,543
3484,6,13,543
3485,5,44,543
3486,16,52,543
3487,4,179,543
3488,16,52,605
3489,1,164,605
3490,8,56,605
3491,11,118,605
3492,4,179,605
3493,17,15,605
3494,8,56,605
3495,11,118,605
3496,12,131,605
3497,1,7,605
3498,4,101,652
3499,7,157,652
3500,3,182,652
3501,6,32,652
3502,13,64,652
3503,4,100,652
3504,3,24,652
3505,12,128,652
3506,11,118,652
3507,3,24,652
3508,3,24,649
3509,10,99,649
3510,6,32,649
3511,13,64,649
3512,6,32,649
3513,3,24,649
3514,7,86,649
3515,13,4,649
3516,16,163,649
3517,13,4,649
3518,13,4,646
3519,12,128,646
3520,7,86,646
3521,7,157,646
3522,7,85,646
3523,4,179,646
3524,16,52,646
3525,3,24,646
3526,11,118,655
3527,1,7,655
3528,6,32,655
3529,3,24,655
3530,12,128,655
3531,16,52,655
3532,13,4,655
3533,13,4,655
3534,6,32,655
3535,16,163,655
3536,13,4,647
3537,13,64,647
3538,1,18,647
3539,3,24,647
3540,16,52,647
3541,3,24,647
3542,3,24,647
3543,11,116,647
3544,13,64,647
3545,0,145,647
3546,8,71,650
3547,4,179,650
3548,6,32,650
3549,4,179,650
3550,0,145,650
3551,13,4,650
3552,3,24,650
3553,13,4,650
3554,6,13,650
3555,6,33,650
3556,12,128,644
3557,13,4,644
3558,19,174,644
3559,12,128,644
3560,3,24,644
3561,1,7,644
3562,16,52,644
3563,3,24,644
3564,11,117,644
3565,11,118,644
3566,13,4,653
3567,11,117,653
3568,11,117,653
3569,1,7,653
3570,1,18,653
3571,7,157,653
3572,7,29,653
3573,7,29,653
3574,16,52,653
3575,3,24,645
3576,16,52,645
3577,7,29,645
3578,6,33,645
3579,12,23,645
3580,4,179,645
3581,12,128,645
3582,12,141,645
3583,4,179,645
3584,3,24,645
3585,12,23,633
3586,6,32,633
3587,6,62,633
3588,6,13,633
3589,3,24,633
3590,4,36,633
3591,4,179,633
3592,4,179,633
3593,7,29,648
3594,1,18,648
3595,7,29,648
3596,7,29,648
3597,1,84,648
3598,7,29,648
3599,12,23,648
3600,13,64,648
3601,18,165,648
3602,6,79,648
3603,18,165,639
3604,18,165,639
3605,1,7,639
3606,18,165,639
3607,18,165,639
3608,18,165,639
3609,18,165,639
3610,1,7,639
3611,18,165,639
3612,18,165,639
3613,0,146,654
3614,13,156,654
3615,13,4,654
3616,3,24,654
3617,16,162,654
3618,16,52,654
3619,12,23,654
3620,7,29,654
3621,16,52,654
3622,7,157,654
3623,13,64,0
3624,16,52,0
3625,13,4,0
3626,19,174,0
3627,13,64,0
3628,1,18,0
3629,16,52,0
3630,1,18,0
3631,16,52,0
3632,19,174,0
3633,19,174,657
3634,13,64,657
3635,10,94,657
3636,16,59,657
3637,16,52,657
3638,9,92,657
3639,16,52,657
3640,10,94,657
3641,16,163,657
3642,13,64,657
3643,13,64,2
3644,4,179,2
3645,1,18,2
3646,8,3,2
3647,4,19,2
3648,19,174,2
3649,4,179,2
3650,4,19,2
3651,4,19,2
3652,4,179,2
3653,7,29,1
3654,4,179,1
3655,11,117,284
3656,19,174,284
3657,0,6,284
3658,13,64,284
3659,13,172,284
3660,7,29,284
3661,13,4,284
3662,12,131,284
3663,20,0,284
3664,16,52,284
3665,7,137,254
3666,4,179,254
3667,8,3,254
3668,1,18,254
3669,13,4,254
3670,7,157,254
3671,4,179,254
3672,4,179,254
3673,1,18,254
3674,16,52,254
3675,0,146,208
3676,16,163,208
3677,17,169,208
3678,6,32,208
3679,12,55,208
3680,4,179,208
3681,0,6,208
3682,8,56,208
3683,16,52,208
3684,2,1,208
3685,13,64,186
3686,7,29,186
3687,13,4,186
3688,6,13,186
3689,6,13,186
3690,5,155,186
3691,2,119,186
3692,19,174,186
3693,20,81,186
3694,1,7,186
3695,8,56,154
3696,15,102,154
3697,16,52,154
3698,13,4,154
3699,12,127,154
3700,4,19,154
3701,4,179,154
3702,16,52,154
3703,13,64,154
3704,13,156,154
3705,1,7,134
3706,7,29,134
3707,12,131,134
3708,7,48,134
3709,8,9,134
3710,5,155,134
3711,7,29,134
3712,0,145,134
3713,11,118,134
3714,7,29,134
3715,9,92,180
3716,12,127,180
3717,16,52,180
3718,12,130,180
3719,6,13,180
3720,8,140,180
3721,6,13,180
3722,3,24,180
3723,11,115,180
3724,11,117,180
3725,1,18,131
3726,4,179,131
3727,16,52,131
3728,8,89,131
3729,16,52,131
3730,12,78,131
3731,8,56,131
3732,7,157,131
3733,8,56,131
3734,16,52,131
3735,2,119,197
3736,1,18,197
3737,3,24,197
3738,13,4,197
3739,5,43,197
3740,16,52,197
3741,4,179,197
3742,12,78,197
3743,16,52,197
3744,13,57,197
3745,12,78,261
3746,7,157,261
3747,0,145,261
3748,20,177,261
3749,3,24,261
3750,9,92,261
3751,1,7,261
3752,17,15,261
3753,13,4,261
3754,20,177,261
3755,13,4,294
3756,11,116,294
3757,3,24,294
3758,9,92,294
3759,8,56,294
3760,19,174,294
3761,8,56,294
3762,1,7,294
3763,3,24,294
3764,6,32,294
3765,13,4,292
3766,13,4,292
3767,5,44,292
3768,0,146,292
3769,4,19,292
3770,0,146,292
3771,20,177,292
3772,13,4,292
3773,18,165,292
3774,20,177,292
3775,13,154,347
3776,7,157,347
3777,5,45,347
3778,16,52,347
3779,13,4,347
3780,13,4,347
3781,4,19,347
3782,19,174,347
3783,9,92,347
3784,3,24,347
3785,20,0,348
3786,7,29,348
3787,19,75,348
3788,7,157,348
3789,4,19,348
3790,7,157,348
3791,20,175,348
3792,13,57,348
3793,16,52,348
3794,20,31,348
3795,13,4,280
3796,10,27,280
3797,12,131,280
3798,9,92,280
3799,7,122,280
3800,13,57,280
3801,13,4,280
3802,13,4,280
3803,7,157,280
3804,17,20,280
3805,7,157,270
3806,19,75,270
3807,16,52,270
3808,13,4,270
3809,13,49,270
3810,5,44,270
3811,12,78,270
3812,5,155,270
3813,7,157,270
3814,2,1,270
3815,1,18,337
3816,19,28,337
3817,0,148,337
3818,0,145,337
3819,12,170,337
3820,4,19,337
3821,13,4,337
3822,13,156,337
3823,10,94,337
3824,0,146,337
3825,1,18,359
3826,8,56,359
3827,4,19,359
3828,8,56,359
3829,20,177,359
3830,6,33,359
3831,12,78,359
3832,9,92,359
3833,13,4,359
3834,1,18,359
3835,4,179,335
3836,4,19,335
3837,3,24,335
3838,20,81,335
3839,7,29,335
3840,3,24,335
3841,8,140,335
3842,7,157,335
3843,16,52,335
3844,1,7,335
3845,12,78,306
3846,17,20,306
3847,3,24,306
3848,13,4,306
3849,3,24,306
3850,12,78,306
3851,0,145,306
3852,11,116,306
3853,20,177,306
3854,12,78,306
3855,13,154,274
3856,7,157,274
3857,13,156,274
3858,8,56,274
3859,19,174,274
3860,8,140,274
3861,13,4,274
3862,17,15,274
3863,19,174,274
3864,19,75,274
3865,5,155,371
3866,7,86,371
3867,10,99,371
3868,7,157,371
3869,3,24,371
3870,17,15,371
3871,16,59,371
3872,12,23,371
3873,13,4,371
3874,12,78,371
3875,4,19,275
3876,4,19,275
3877,6,13,275
3878,4,19,275
3879,12,128,275
3880,3,24,275
3881,12,78,275
3882,17,15,275
3883,13,4,275
3884,4,179,275
3885,0,146,287
3886,0,145,287
3887,12,130,287
3888,20,177,287
3889,5,44,287
3890,13,156,287
3891,13,4,287
3892,16,52,287
3893,5,155,287
3894,13,64,287
3895,19,75,301
3896,4,19,301
3897,3,24,301
3898,3,24,301
3899,20,0,301
3900,20,177,301
3901,12,130,301
3902,16,52,301
3903,6,33,301
3904,9,92,301
3905,9,147,316
3906,5,155,316
3907,8,71,316
3908,3,24,316
3909,7,66,316
3910,20,177,316
3911,12,131,316
3912,5,44,316
3913,2,119,316
3914,13,156,316
3915,13,4,387
3916,4,179,387
3917,17,15,387
3918,12,127,387
3919,12,131,387
3920,3,24,387
3921,0,146,387
3922,4,19,387
3923,20,81,387
3924,19,108,387
3925,1,7,374
3926,20,81,374
3927,19,75,374
3928,19,174,374
3929,4,19,374
3930,4,19,374
3931,20,177,374
3932,12,78,374
3933,13,4,374
3934,3,24,374
3935,11,116,300
3936,8,56,300
3937,16,52,300
3938,0,145,300
3939,17,15,300
3940,1,18,300
3941,0,146,300
3942,12,78,300
3943,0,146,300
3944,13,4,300
3945,3,24,388
3946,13,4,388
3947,5,142,388
3948,5,142,388
3949,1,18,388
3950,3,24,388
3951,4,19,388
3952,6,13,388
3953,10,88,388
3954,5,155,388
3955,4,19,356
3956,0,146,356
3957,13,64,356
3958,12,23,356
3959,4,179,356
3960,12,131,356
3961,0,144,356
3962,3,24,356
3963,13,172,356
3964,3,24,356
3965,3,24,366
3966,17,20,366
3967,16,59,366
3968,12,131,366
3969,4,19,366
3970,4,19,366
3971,0,145,366
3972,3,24,366
3973,12,131,366
3974,0,148,366
3975,16,52,283
3976,4,19,283
3977,4,19,283
3978,3,24,283
3979,11,116,283
3980,13,57,283
3981,5,44,283
3982,1,7,283
3983,9,92,283
3984,13,57,283
3985,9,95,390
3986,3,24,390
3987,9,93,390
3988,16,59,390
3989,7,29,390
3990,20,177,390
3991,16,59,390
3992,7,157,390
3993,7,29,390
3994,20,0,390
3995,5,155,345
3996,0,145,345
3997,8,71,345
3998,2,119,345
3999,2,119,345
4000,16,52,345
4001,12,170,345
4002,3,24,345
4003,12,130,345
4004,12,171,345
4005,1,164,340
4006,5,43,340
4007,16,16,340
4008,13,64,340
4009,5,155,340
4010,3,24,340
4011,16,52,340
4012,12,78,340
4013,4,19,340
4014,0,145,340
4015,3,24,285
4016,1,7,285
4017,13,57,285
4018,4,179,285
4019,3,24,285
4020,7,157,285
4021,3,24,285
4022,7,157,285
4023,12,131,285
4024,5,134,285
4025,17,15,344
4026,4,19,344
4027,4,179,344
4028,4,179,344
4029,3,24,344
4030,16,52,344
4031,2,119,344
4032,9,92,344
4033,16,52,344
4034,0,145,344
4035,13,4,334
4036,3,24,334
4037,7,157,334
4038,8,56,334
4039,17,15,334
4040,5,44,334
4041,5,44,334
4042,13,154,334
4043,0,146,334
4044,13,57,334
4045,0,145,322
4046,0,145,322
4047,0,146,322
4048,12,78,322
4049,9,92,322
4050,17,20,322
4051,16,52,322
4052,4,36,322
4053,0,145,322
4054,4,19,322
4055,7,157,349
4056,8,71,349
4057,7,66,349
4058,3,24,349
4059,7,157,349
4060,7,137,349
4061,16,52,349
4062,12,78,349
4063,19,174,349
4064,12,128,349
4065,5,44,379
4066,4,19,379
4067,16,162,379
4068,0,148,379
4069,20,177,379
4070,1,7,379
4071,20,177,379
4072,16,160,379
4073,3,24,379
4074,0,145,379
4075,20,0,331
4076,1,7,331
4077,19,174,331
4078,9,92,331
4079,7,86,331
4080,1,7,331
4081,9,92,331
4082,9,95,331
4083,9,95,331
4084,7,48,331
4085,19,98,302
4086,0,146,302
4087,0,146,302
4088,16,162,302
4089,2,119,302
4090,2,119,302
4091,3,24,302
4092,16,52,302
4093,8,56,330
4094,20,0,330
4095,3,24,330
4096,20,81,330
4097,8,56,330
4098,12,131,330
4099,5,44,330
4100,11,118,330
4101,11,116,330
4102,20,177,330
4103,19,174,386
4104,1,7,386
4105,3,24,386
4106,7,29,386
4107,12,23,386
4108,0,145,386
4109,12,23,386
4110,2,119,386
4111,1,7,386
4112,8,56,386
4113,3,24,389
4114,13,4,389
4115,3,24,389
4116,7,48,389
4117,6,13,389
4118,5,155,389
4119,4,19,389
4120,16,59,389
4121,2,1,389
4122,16,16,389
4123,4,19,327
4124,5,159,327
4125,7,48,327
4126,4,19,327
4127,3,24,327
4128,12,78,327
4129,0,146,327
4130,3,24,327
4131,4,19,327
4132,12,131,327
4133,18,165,245
4134,8,65,245
4135,8,71,245
4136,3,24,245
4137,3,24,245
4138,7,48,245
4139,7,66,245
4140,4,179,245
4141,8,56,370
4142,3,24,370
4143,17,15,370
4144,3,24,370
4145,9,92,370
4146,12,130,370
4147,8,56,370
4148,20,0,370
4149,8,65,370
4150,20,81,370
4151,4,19,279
4152,12,131,279
4153,5,42,279
4154,13,57,279
4155,11,118,279
4156,9,92,279
4157,5,159,279
4158,0,145,279
4159,5,44,279
4160,8,56,279
4161,9,92,260
4162,17,15,260
4163,20,81,260
4164,3,24,260
4165,4,179,260
4166,12,60,260
4167,6,13,260
4168,16,52,260
4169,3,24,260
4170,11,117,260
4171,12,78,311
4172,12,170,311
4173,0,146,311
4174,0,146,311
4175,3,24,311
4176,5,159,311
4177,18,165,311
4178,3,24,369
4179,4,19,369
4180,20,177,369
4181,2,119,369
4182,3,24,369
4183,2,119,369
4184,16,59,369
4185,3,24,369
4186,8,56,369
4187,18,165,369
4188,10,96,314
4189,16,52,314
4190,5,155,314
4191,8,56,314
4192,8,56,314
4193,16,52,314
4194,13,154,314
4195,0,146,314
4196,16,52,314
4197,2,119,314
4198,0,146,321
4199,9,93,321
4200,12,130,321
4201,17,15,255
4202,8,56,255
4203,9,92,255
4204,9,93,255
4205,9,93,255
4206,7,48,255
4207,7,157,255
4208,7,138,255
4209,4,19,255
4210,8,56,364
4211,8,3,364
4212,8,3,256
4213,11,118,281
4214,1,18,281
4215,1,164,281
4216,7,66,281
4217,4,19,281
4218,16,52,281
4219,18,165,391
4220,1,18,391
4221,1,7,391
4222,6,32,391
4223,6,32,391
4224,6,13,391
4225,3,24,391
4226,3,24,391
4227,4,179,391
4228,13,64,400
4229,13,156,400
4230,13,4,400
4231,16,52,400
4232,13,4,400
4233,13,57,400
4234,5,44,400
4235,13,156,400
4236,4,19,400
4237,4,19,400
4238,6,13,318
4239,8,56,476
4240,4,179,476
4241,5,155,476
4242,3,24,476
4243,8,56,476
4244,8,56,476
4245,1,7,476
4246,0,146,476
4247,0,146,476
4248,8,56,476
4249,16,52,407
4250,16,52,407
4251,13,4,407
4252,3,24,407
4253,13,156,407
4254,0,146,407
4255,4,19,407
4256,4,179,407
4257,13,64,407
4258,13,4,407
4259,3,24,447
4260,11,116,447
4261,16,59,447
4262,6,13,447
4263,3,24,447
4264,4,179,447
4265,8,90,447
4266,5,155,447
4267,1,18,447
4268,5,142,447
4269,13,4,499
4270,4,19,499
4271,7,29,499
4272,20,81,499
4273,4,179,499
4274,5,42,499
4275,7,157,499
4276,9,93,499
4277,1,18,499
4278,5,155,499
4279,3,24,444
4280,3,24,444
4281,0,146,444
4282,1,18,444
4283,1,18,444
4284,2,119,444
4285,11,116,444
4286,12,78,444
4287,13,4,444
4288,4,19,444
4289,11,117,446
4290,11,116,446
4291,16,59,446
4292,13,154,446
4293,1,7,446
4294,11,117,446
4295,13,4,446
4296,3,24,446
4297,11,117,446
4298,3,24,446
4299,8,56,459
4300,1,7,459
4301,17,15,459
4302,12,127,459
4303,13,156,459
4304,13,64,459
4305,3,24,459
4306,4,36,459
4307,0,146,459
4308,12,170,459
4309,3,24,525
4310,17,15,525
4311,20,81,525
4312,7,157,525
4313,5,44,525
4314,0,146,525
4315,3,24,525
4316,18,165,525
4317,1,18,525
4318,11,117,525
4319,11,117,493
4320,13,4,493
4321,11,116,493
4322,0,146,493
4323,1,18,493
4324,6,13,493
4325,10,27,493
4326,11,117,493
4327,5,43,493
4328,11,116,493
4329,0,146,434
4330,3,24,434
4331,13,4,434
4332,13,57,434
4333,12,78,434
4334,3,24,434
4335,12,128,434
4336,8,71,434
4337,1,18,434
4338,0,146,434
4339,3,24,467
4340,7,138,467
4341,7,157,467
4342,1,164,467
4343,7,85,467
4344,0,146,467
4345,8,56,467
4346,16,52,467
4347,11,118,467
4348,13,64,467
4349,12,131,398
4350,8,71,398
4351,20,177,398
4352,3,24,398
4353,10,99,398
4354,3,24,398
4355,12,23,398
4356,19,98,398
4357,8,71,398
4358,13,154,398
4359,13,156,465
4360,6,62,465
4361,5,155,465
4362,13,64,465
4363,0,145,465
4364,12,130,465
4365,5,43,465
4366,4,19,465
4367,17,15,465
4368,3,24,465
4369,1,18,440
4370,18,165,440
4371,6,32,440
4372,12,131,440
4373,20,0,440
4374,0,146,440
4375,4,179,440
4376,6,32,440
4377,8,56,440
4378,0,145,440
4379,1,18,485
4380,3,24,485
4381,11,117,485
4382,11,116,485
4383,3,24,485
4384,19,174,485
4385,0,145,485
4386,4,19,485
4387,12,128,485
4388,17,168,485
4389,4,179,486
4390,8,56,486
4391,12,131,486
4392,4,19,486
4393,17,20,486
4394,7,157,486
4395,5,2,486
4396,4,36,486
4397,8,56,486
4398,20,175,486
4399,7,48,449
4400,16,59,449
4401,7,29,449
4402,16,52,449
4403,12,128,449
4404,3,24,449
4405,7,66,449
4406,1,18,449
4407,0,145,449
4408,9,93,449
4409,3,24,441
4410,7,157,441
4411,7,157,441
4412,8,56,441
4413,3,24,441
4414,8,56,441
4415,16,162,441
4416,9,147,441
4417,3,24,441
4418,1,18,441
4419,2,119,392
4420,8,54,392
4421,1,18,392
4422,7,48,392
4423,7,157,392
4424,7,66,392
4425,7,85,392
4426,16,52,392
4427,1,7,527
4428,3,24,527
4429,11,116,527
4430,18,165,527
4431,4,179,527
4432,3,24,527
4433,7,157,527
4434,12,23,527
4435,13,4,527
4436,1,18,527
4437,3,24,537
4438,20,81,537
4439,4,19,537
4440,1,164,537
4441,4,179,537
4442,7,157,537
4443,3,24,537
4444,4,179,537
4445,3,24,537
4446,12,130,537
4447,16,16,594
4448,8,71,594
4449,19,28,594
4450,13,156,594
4451,3,24,594
4452,16,163,594
4453,12,131,594
4454,13,64,594
4455,10,124,594
4456,0,145,594
4457,1,18,601
4458,1,18,601
4459,0,146,601
4460,11,118,601
4461,11,118,601
4462,1,18,601
4463,4,37,601
4464,11,118,601
4465,7,157,601
4466,9,93,601
4467,0,146,575
4468,6,80,575
4469,4,19,575
4470,16,52,575
4471,16,52,575
4472,1,7,575
4473,13,4,575
4474,6,13,575
4475,6,13,575
4476,13,64,575
4477,13,4,618
4478,6,33,618
4479,12,74,618
4480,3,24,618
4481,5,76,618
4482,16,52,618
4483,6,13,618
4484,3,24,618
4485,13,64,618
4486,11,118,618
4487,18,165,600
4488,9,92,600
4489,2,125,600
4490,6,33,600
4491,11,111,600
4492,12,128,600
4493,1,7,600
4494,7,157,600
4495,3,24,600
4496,4,179,600
4497,6,32,610
4498,8,71,610
4499,6,32,610
4500,12,23,610
4501,2,119,610
4502,6,32,610
4503,16,59,610
4504,14,110,610
4505,18,165,610
4506,13,64,610
4507,4,19,561
4508,9,92,561
4509,8,56,561
4510,1,18,561
4511,4,179,561
4512,7,157,561
4513,11,115,561
4514,3,24,561
4515,7,157,561
4516,12,141,561
4517,11,118,585
4518,4,179,585
4519,11,115,585
4520,11,118,585
4521,4,37,585
4522,11,118,585
4523,11,115,585
4524,11,115,585
4525,4,179,585
4526,11,117,585
4527,11,116,584
4528,7,66,584
4529,13,150,584
4530,7,157,584
4531,6,13,584
4532,6,32,584
4533,11,116,584
4534,13,64,584
4535,4,179,584
4536,6,32,584
4537,17,20,612
4538,7,157,612
4539,13,57,612
4540,9,67,612
4541,7,48,612
4542,7,157,612
4543,16,163,612
4544,13,57,612
4545,1,18,612
4546,9,93,612
4547,8,90,529
4548,8,65,529
4549,4,179,529
4550,10,94,529
4551,13,4,529
4552,18,165,529
4553,11,118,529
4554,11,116,529
4555,12,128,529
4556,4,179,529
4557,19,174,614
4558,3,24,614
4559,4,179,614
4560,18,165,614
4561,9,92,614
4562,11,118,614
4563,12,141,614
4564,7,157,614
4565,12,131,614
4566,18,165,614
4567,1,21,592
4568,19,174,592
4569,18,165,592
4570,11,112,592
4571,11,118,592
4572,3,53,592
4573,11,118,592
4574,12,131,592
4575,11,118,592
4576,11,118,592
4577,4,179,559
4578,3,24,559
4579,4,179,559
4580,4,179,559
4581,4,179,559
4582,4,179,559
4583,4,179,559
4584,3,24,559
4585,18,165,559
4586,8,140,559
4587,4,179,563
4588,4,19,563
4589,4,179,563
4590,4,179,563
4591,1,18,563
4592,4,179,563
4593,3,24,563
4594,3,24,563
4595,14,68,563
4596,3,24,563
4597,11,117,566
4598,12,171,616
4599,20,177,616
4600,16,52,616
4601,4,179,616
4602,12,170,616
4603,6,32,616
4604,11,117,616
4605,4,179,616
4606,6,13,616
4607,4,179,616
4608,3,24,541
4609,3,24,541
4610,6,33,541
4611,4,179,541
4612,4,179,541
4613,4,179,541
4614,4,179,541
4615,4,179,541
4616,3,24,541
4617,4,179,541
4618,4,19,617
4619,1,18,617
4620,18,165,617
4621,11,118,628
4622,13,64,628
4623,1,18,628
4624,11,118,628
4625,16,16,628
4626,18,165,628
4627,7,157,628
4628,4,19,628
4629,12,171,628
4630,16,16,628
4631,4,19,625
4632,1,7,625
4633,13,156,625
4634,1,7,625
4635,4,19,625
4636,8,139,625
4637,1,7,625
4638,18,165,625
4639,1,7,625
4640,1,18,625
4641,13,41,22
4642,8,71,22
4643,16,52,22
4644,8,90,22
4645,16,52,22
4646,3,24,22
4647,17,15,22
4648,13,64,22
4649,10,97,22
4650,1,18,22
4651,6,32,139
4652,16,52,139
4653,15,102,139
4654,6,32,139
4655,4,179,139
4656,13,150,139
4657,3,24,139
4658,4,179,139
4659,6,13,139
4660,8,56,139
4661,18,165,304
4662,4,179,304
4663,4,179,304
4664,12,170,304
4665,11,118,304
4666,3,24,304
4667,4,179,304
4668,4,179,304
4669,1,18,304
4670,11,118,304
4671,4,179,193
4672,1,18,193
4673,6,13,193
4674,4,179,193
4675,3,24,193
4676,3,24,193
4677,8,56,193
4678,1,7,193
4679,18,165,193
4680,12,127,193
4681,8,56,199
4682,16,59,199
4683,13,64,199
4684,13,4,199
4685,13,64,199
4686,12,60,199
4687,3,53,199
4688,5,155,199
4689,5,155,199
4690,13,64,199
4691,8,56,250
4692,1,18,250
4693,11,114,250
4694,6,32,250
4695,6,32,250
4696,11,115,250
4697,3,24,250
4698,12,127,250
4699,12,74,250
4700,3,24,250
4701,4,179,267
4702,3,24,267
4703,13,4,267
4704,1,18,267
4705,5,155,267
4706,16,52,267
4707,13,64,267
4708,13,4,267
4709,6,13,267
4710,4,179,267
4711,20,81,215
4712,16,163,215
4713,5,44,215
4714,1,18,215
4715,6,32,215
4716,13,4,215
4717,0,146,215
4718,10,124,215
4719,12,78,215
4720,6,13,215
4721,8,56,188
4722,1,18,188
4723,16,59,188
4724,4,179,188
4725,11,117,188
4726,4,179,188
4727,4,37,188
4728,10,99,188
4729,16,70,188
4730,3,24,188
4731,7,48,166
4732,1,18,166
4733,13,156,166
4734,8,56,166
4735,6,13,166
4736,8,56,166
4737,12,78,166
4738,8,56,166
4739,0,145,166
4740,16,59,166
4741,16,52,204
4742,10,99,204
4743,10,181,204
4744,10,63,204
4745,10,63,204
4746,4,179,204
4747,4,179,204
4748,4,179,204
4749,8,56,168
4750,8,56,168
4751,1,7,168
4752,7,29,168
4753,4,179,221
4754,0,146,221
4755,4,179,221
4756,4,19,221
4757,7,29,221
4758,4,19,221
4759,16,52,221
4760,16,52,221
4761,1,18,221
4762,4,19,221
4763,9,92,325
4764,3,24,325
4765,3,24,325
4766,12,78,325
4767,0,145,325
4768,18,165,325
4769,1,7,325
4770,20,177,325
4771,18,165,325
4772,1,7,325
4773,13,4,368
4774,3,24,368
4775,12,131,368
4776,2,119,368
4777,11,116,368
4778,0,146,368
4779,3,24,368
4780,11,116,368
4781,12,131,368
4782,1,7,368
4783,3,47,351
4784,16,52,351
4785,13,156,351
4786,0,148,351
4787,19,28,351
4788,3,24,351
4789,7,157,351
4790,16,162,351
4791,19,28,351
4792,19,28,351
4793,8,90,262
4794,1,7,262
4795,12,127,262
4796,3,24,262
4797,18,165,262
4798,13,64,262
4799,6,79,262
4800,9,147,262
4801,3,24,262
4802,3,24,262
4803,18,165,350
4804,4,36,350
4805,4,179,350
4806,3,24,350
4807,11,118,350
4808,2,119,350
4809,13,156,350
4810,12,78,350
4811,3,24,350
4812,11,116,350
4813,13,64,384
4814,12,130,384
4815,3,24,384
4816,3,24,384
4817,6,80,384
4818,11,118,384
4819,11,111,384
4820,11,111,384
4821,11,117,384
4822,18,165,384
4823,2,119,332
4824,5,44,332
4825,2,119,332
4826,13,4,332
4827,7,48,332
4828,19,174,332
4829,1,7,332
4830,19,174,332
4831,0,146,332
4832,19,174,332
4833,12,55,352
4834,12,78,352
4835,16,52,352
4836,2,143,352
4837,0,145,352
4838,13,156,352
4839,4,19,352
4840,11,118,352
4841,2,119,352
4842,20,0,352
4843,12,171,383
4844,18,165,383
4845,13,4,383
4846,4,179,383
4847,4,179,383
4848,3,24,383
4849,4,179,383
4850,0,148,383
4851,11,115,383
4852,11,115,383
4853,19,28,361
4854,0,145,361
4855,12,127,361
4856,19,174,361
4857,7,157,361
4858,7,157,361
4859,7,157,361
4860,13,64,361
4861,13,4,361
4862,0,145,361
4863,4,19,353
4864,12,131,353
4865,1,18,353
4866,0,145,353
4867,13,4,353
4868,19,174,353
4869,2,143,353
4870,11,117,353
4871,3,24,353
4872,0,145,353
4873,5,155,343
4874,16,52,343
4875,0,144,343
4876,11,115,343
4877,20,0,343
4878,1,18,343
4879,4,179,343
4880,5,155,343
4881,0,145,343
4882,2,119,343
4883,3,24,380
4884,19,174,380
4885,12,141,380
4886,6,32,380
4887,16,59,380
4888,20,81,380
4889,8,56,380
4890,5,155,380
4891,12,128,380
4892,3,24,380
4893,7,66,363
4894,0,145,363
4895,6,13,363
4896,12,78,363
4897,12,78,363
4898,13,64,363
4899,12,78,363
4900,7,29,363
4901,11,118,363
4902,12,78,363
4903,10,96,382
4904,11,116,382
4905,4,19,382
4906,11,116,382
4907,7,29,382
4908,13,154,382
4909,13,64,382
4910,13,64,382
4911,9,93,382
4912,0,145,382
4913,6,32,362
4914,8,71,362
4915,1,18,362
4916,8,56,362
4917,8,56,362
4918,4,179,362
4919,13,64,362
4920,13,64,362
4921,5,155,362
4922,6,32,362
4923,12,120,354
4924,0,148,354
4925,0,145,354
4926,2,119,354
4927,5,43,354
4928,0,145,354
4929,2,106,354
4930,0,145,354
4931,19,28,354
4932,0,146,354
4933,3,24,296
4934,12,120,296
4935,3,47,296
4936,20,177,296
4937,8,56,296
4938,5,155,296
4939,16,52,296
4940,13,156,296
4941,13,64,296
4942,12,74,296
4943,3,24,367
4944,3,24,367
4945,13,64,367
4946,3,24,367
4947,3,24,367
4948,4,179,367
4949,6,79,367
4950,3,24,367
4951,4,179,367
4952,1,18,367
4953,7,157,326
4954,0,145,326
4955,8,56,326
4956,13,154,326
4957,1,18,326
4958,11,115,326
4959,13,154,326
4960,20,177,326
4961,11,116,326
4962,0,146,326
4963,13,64,333
4964,3,24,333
4965,4,36,333
4966,4,36,333
4967,3,24,333
4968,4,179,333
4969,18,165,333
4970,6,13,333
4971,2,119,333
4972,16,59,333
4973,17,15,324
4974,16,59,324
4975,4,179,324
4976,7,138,324
4977,20,81,324
4978,4,179,324
4979,16,59,324
4980,4,19,324
4981,0,146,324
4982,16,59,324
4983,1,18,381
4984,12,78,381
4985,16,52,381
4986,12,78,381
4987,13,156,381
4988,18,165,381
4989,6,13,381
4990,13,156,381
4991,13,57,381
4992,2,11,381
4993,12,128,309
4994,20,0,309
4995,12,131,309
4996,18,165,309
4997,6,13,309
4998,11,118,309
4999,0,146,309
5000,5,155,309
5001,11,118,309
5002,0,146,309
5003,8,56,377
5004,12,131,377
5005,3,24,377
5006,7,157,377
5007,6,32,377
5008,12,128,377
5009,4,179,377
5010,0,145,377
5011,4,179,377
5012,6,13,377
5013,12,23,310
5014,16,162,310
5015,8,65,310
5016,8,71,310
5017,8,54,310
5018,5,155,310
5019,4,179,310
5020,12,141,360
5021,0,146,360
5022,5,43,360
5023,11,115,360
5024,4,179,360
5025,4,179,360
5026,16,52,360
5027,16,52,286
5028,1,18,286
5029,4,19,286
5030,18,165,286
5031,8,56,286
5032,5,44,286
5033,12,128,286
5034,8,56,286
5035,8,56,286
5036,18,165,286
5037,2,12,342
5038,16,52,342
5039,8,56,342
5040,8,56,342
5041,0,145,342
5042,8,56,342
5043,16,162,342
5044,4,179,342
5045,16,52,342
5046,4,179,342
5047,3,24,282
5048,9,92,282
5049,5,44,282
5050,3,24,282
5051,13,64,282
5052,4,37,282
5053,2,132,282
5054,4,179,282
5055,3,24,282
5056,3,24,282
5057,5,44,317
5058,1,18,317
5059,1,7,317
5060,1,18,317
5061,18,165,317
5062,4,179,317
5063,4,179,317
5064,11,116,491
5065,8,71,491
5066,8,3,491
5067,4,19,491
5068,16,163,491
5069,3,24,491
5070,13,64,491
5071,6,13,491
5072,17,20,491
5073,5,155,491
5074,12,55,481
5075,8,56,481
5076,2,119,481
5077,12,131,481
5078,8,56,481
5079,4,179,481
5080,12,78,481
5081,8,56,481
5082,13,4,481
5083,6,13,481
5084,7,29,487
5085,3,24,487
5086,13,4,487
5087,11,118,487
5088,5,155,487
5089,11,115,487
5090,11,118,487
5091,1,7,487
5092,3,24,487
5093,8,56,487
5094,6,32,464
5095,4,179,464
5096,4,19,464
5097,12,128,464
5098,17,20,464
5099,10,27,464
5100,12,23,464
5101,0,145,464
5102,8,56,464
5103,6,32,464
5104,0,145,393
5105,12,131,393
5106,4,19,393
5107,11,116,393
5108,13,49,393
5109,13,4,393
5110,10,94,393
5111,8,56,393
5112,3,24,393
5113,16,52,393
5114,4,19,506
5115,11,118,506
5116,11,118,506
5117,11,112,506
5118,1,18,506
5119,13,4,506
5120,12,128,506
5121,7,86,506
5122,11,118,506
5123,3,24,506
5124,7,85,507
5125,3,24,507
5126,8,140,507
5127,7,157,507
5128,13,4,507
5129,13,4,507
5130,7,157,507
5131,3,24,507
5132,13,172,507
5133,7,157,507
5134,8,56,411
5135,4,179,411
5136,8,56,411
5137,4,179,411
5138,8,90,411
5139,20,177,411
5140,4,179,411
5141,0,146,411
5142,8,56,411
5143,12,141,411
5144,0,145,396
5145,13,64,396
5146,9,93,396
5147,13,4,396
5148,4,179,396
5149,12,141,396
5150,13,64,396
5151,4,19,396
5152,12,78,396
5153,9,93,396
5154,12,74,410
5155,18,165,410
5156,0,145,410
5157,4,19,410
5158,11,117,410
5159,11,117,410
5160,20,81,410
5161,3,24,410
5162,4,179,410
5163,8,56,410
5164,3,24,480
5165,9,92,480
5166,3,24,480
5167,16,59,480
5168,3,24,480
5169,6,32,480
5170,16,16,480
5171,3,24,480
5172,3,24,480
5173,3,24,480
5174,3,24,511
5175,19,75,511
5176,13,4,511
5177,7,48,511
5178,13,156,511
5179,4,179,511
5180,13,154,511
5181,19,75,511
5182,0,145,511
5183,4,179,511
5184,11,117,408
5185,12,78,408
5186,2,119,408
5187,4,179,408
5188,7,157,408
5189,1,18,408
5190,4,179,408
5191,12,74,408
5192,7,157,408
5193,19,98,408
5194,3,24,450
5195,8,56,450
5196,13,156,450
5197,4,179,450
5198,4,19,450
5199,18,165,450
5200,13,4,450
5201,1,7,450
5202,8,56,450
5203,4,179,450
5204,5,155,395
5205,12,78,395
5206,13,64,395
5207,5,44,395
5208,0,145,395
5209,13,64,395
5210,16,52,395
5211,13,64,395
5212,13,64,395
5213,12,128,395
5214,1,7,495
5215,8,56,495
5216,13,156,495
5217,16,163,495
5218,12,131,495
5219,12,58,495
5220,8,56,495
5221,5,155,495
5222,5,155,495
5223,12,78,495
5224,13,64,409
5225,0,5,409
5226,4,179,409
5227,1,18,409
5228,11,117,409
5229,1,18,409
5230,0,145,409
5231,16,52,409
5232,11,117,409
5233,4,19,409
5234,3,24,468
5235,16,59,468
5236,4,179,468
5237,16,59,468
5238,4,179,468
5239,12,131,468
5240,16,59,468
5241,16,59,468
5242,12,78,468
5243,7,85,468
5244,0,145,412
5245,12,130,412
5246,12,78,412
5247,8,56,412
5248,6,13,412
5249,16,52,412
5250,13,156,412
5251,12,130,412
5252,16,52,412
5253,3,24,412
5254,11,115,536
5255,11,115,536
5256,13,64,536
5257,4,179,536
5258,1,18,536
5259,3,24,536
5260,19,28,536
5261,11,117,536
5262,11,116,536
5263,4,19,536
5264,1,18,528
5265,5,155,528
5266,12,131,528
5267,9,93,528
5268,2,125,528
5269,12,128,528
5270,12,131,528
5271,18,165,528
5272,12,141,528
5273,0,148,528
5274,3,24,489
5275,4,19,489
5276,0,5,489
5277,13,64,489
5278,0,145,489
5279,3,24,489
5280,4,179,489
5281,12,78,489
5282,15,102,489
5283,4,179,489
5284,20,81,456
5285,16,16,456
5286,17,20,456
5287,3,24,456
5288,7,48,456
5289,7,157,456
5290,0,146,456
5291,4,19,456
5292,3,24,456
5293,12,131,456
5294,12,170,482
5295,3,26,482
5296,1,18,482
5297,6,33,482
5298,7,157,482
5299,7,157,482
5300,7,157,482
5301,7,157,482
5302,0,144,419
5303,5,155,419
5304,20,177,419
5305,20,0,419
5306,16,52,419
5307,7,157,500
5308,4,179,500
5309,7,157,500
5310,10,94,500
5311,4,19,500
5312,7,157,500
5313,7,86,500
5314,4,19,500
5315,1,7,500
5316,4,179,500
5317,4,179,510
5318,6,33,510
5319,17,15,510
5320,1,7,510
5321,13,156,510
5322,4,179,510
5323,3,24,510
5324,6,32,510
5325,1,18,510
5326,16,52,510
5327,8,3,526
5328,11,118,526
5329,8,90,526
5330,4,179,526
5331,11,111,526
5332,11,118,526
5333,4,179,526
5334,11,118,526
5335,11,118,526
5336,11,118,526
5337,1,7,403
5338,4,179,403
5339,4,37,403
5340,6,13,420
5341,4,179,420
5342,16,59,420
5343,4,179,420
5344,20,0,420
5345,3,24,420
5346,16,59,420
5347,5,159,420
5348,16,59,420
5349,16,59,420
5350,7,29,466
5351,4,179,466
5352,4,37,385
5353,4,37,385
5354,4,179,505
5355,3,24,582
5356,13,4,582
5357,16,52,582
5358,6,32,582
5359,12,128,582
5360,1,7,582
5361,19,28,582
5362,20,176,582
5363,6,32,582
5364,20,0,582
5365,16,61,577
5366,13,4,577
5367,16,59,577
5368,0,145,577
5369,13,4,577
5370,9,92,577
5371,4,179,577
5372,16,162,577
5373,4,179,577
5374,19,28,577
5375,5,155,557
5376,17,20,557
5377,1,18,557
5378,3,24,557
5379,6,32,557
5380,16,160,557
5381,3,24,557
5382,12,131,557
5383,3,24,557
5384,6,32,557
5385,13,4,623
5386,17,15,623
5387,13,4,623
5388,3,24,623
5389,0,145,623
5390,6,13,623
5391,13,156,623
5392,13,4,623
5393,8,89,623
5394,0,145,623
5395,4,179,602
5396,0,145,602
5397,11,118,602
5398,12,141,602
5399,13,64,602
5400,4,179,602
5401,12,120,602
5402,20,81,602
5403,6,13,602
5404,16,163,602
5405,11,118,518
5406,11,116,518
5407,7,157,518
5408,13,172,518
5409,1,18,518
5410,11,112,518
5411,11,116,518
5412,3,24,518
5413,3,24,518
5414,2,11,518
5415,3,24,548
5416,2,119,548
5417,0,145,548
5418,12,74,548
5419,13,4,548
5420,8,71,548
5421,8,71,548
5422,7,29,548
5423,13,64,548
5424,16,52,548
5425,4,179,595
5426,8,56,595
5427,4,19,595
5428,3,24,595
5429,3,24,595
5430,20,81,595
5431,1,18,595
5432,1,7,595
5433,13,4,595
5434,4,179,595
5435,19,174,564
5436,4,179,564
5437,13,156,564
5438,0,6,564
5439,0,146,564
5440,19,174,564
5441,0,145,564
5442,4,179,564
5443,19,28,564
5444,13,4,564
5445,11,114,552
5446,11,115,552
5447,0,145,552
5448,3,24,552
5449,1,18,552
5450,3,24,552
5451,16,52,552
5452,0,146,552
5453,12,23,552
5454,18,165,552
5455,13,64,546
5456,12,74,546
5457,0,145,546
5458,8,56,546
5459,11,117,546
5460,1,18,546
5461,18,165,546
5462,4,179,546
5463,3,24,591
5464,20,175,591
5465,19,28,591
5466,19,28,591
5467,0,145,591
5468,8,71,591
5469,10,94,591
5470,0,146,591
5471,8,56,591
5472,0,145,591
5473,4,179,531
5474,13,172,531
5475,4,179,531
5476,4,179,531
5477,3,24,531
5478,8,71,531
5479,17,15,531
5480,3,24,531
5481,4,179,531
5482,7,157,531
5483,3,24,598
5484,16,59,598
5485,4,19,598
5486,16,59,598
5487,4,179,598
5488,19,174,598
5489,19,174,598
5490,1,18,598
5491,16,52,598
5492,4,179,598
5493,11,118,574
5494,16,52,574
5495,11,116,574
5496,11,118,574
5497,6,13,574
5498,1,164,574
5499,7,157,574
5500,3,24,574
5501,4,179,574
5502,17,20,574
5503,12,23,624
5504,10,63,624
5505,1,7,624
5506,1,18,624
5507,1,21,624
5508,11,116,624
5509,14,110,624
5510,8,90,624
5511,18,165,624
5512,10,99,624
5513,4,179,604
5514,3,24,604
5515,4,179,604
5516,18,165,604
5517,1,7,604
5518,18,165,604
5519,3,47,604
5520,1,18,604
5521,18,165,604
5522,20,0,604
5523,7,86,634
5524,13,64,634
5525,4,19,634
5526,1,18,634
5527,9,72,634
5528,3,24,634
5529,3,24,634
5530,20,81,634
5531,3,24,634
5532,16,52,634
5533,7,157,560
5534,16,52,560
5535,11,118,560
5536,4,179,560
5537,11,118,560
5538,4,179,560
5539,16,52,560
5540,4,179,560
5541,11,117,560
5542,7,29,560
5543,3,24,519
5544,10,99,519
5545,9,93,570
5546,3,24,570
5547,0,145,570
5548,6,32,570
5549,6,32,570
5550,12,23,570
5551,5,155,570
5552,3,24,570
5553,16,52,570
5554,16,59,570
5555,16,52,532
5556,1,7,532
5557,1,18,532
5558,7,137,532
5559,4,179,532
5560,6,13,550
5561,8,71,550
5562,6,13,550
5563,4,179,550
5564,4,179,550
5565,4,179,550
5566,4,179,542
5567,12,78,542
5568,1,7,542
5569,8,56,542
5570,8,56,542
5571,8,56,542
5572,4,179,542
5573,7,29,542
5574,1,18,542
5575,4,179,542
5576,5,43,567
5577,11,118,567
5578,11,116,567
5579,1,18,567
5580,1,18,567
5581,3,24,567
5582,4,19,567
5583,4,179,567
5584,4,179,567
5585,1,7,576
5586,4,179,576
5587,4,179,562
5588,4,179,562
5589,9,92,562
5590,4,19,562
5591,2,119,562
5592,16,162,562
5593,12,128,562
5594,4,179,562
5595,8,56,562
5596,1,7,562
5597,4,179,544
5598,1,18,544
5599,1,7,544
5600,1,18,544
5601,4,179,544
5602,4,19,544
5603,1,7,544
5604,18,165,544
5605,17,15,544
5606,1,164,544
5607,3,25,606
5608,3,24,606
5609,3,24,606
5610,4,179,606
5611,18,165,606
5612,3,24,606
5613,4,179,606
5614,4,19,606
5615,1,7,606
5616,4,19,606
5617,1,18,590
5618,18,165,590
5619,1,8,590
5620,18,165,590
5621,20,0,590
5622,3,24,590
5623,4,179,590
5624,1,18,551
5625,7,29,533
5626,4,179,533
5627,6,32,629
5628,6,62,629
5629,3,24,629
5630,1,7,629
5631,20,0,629
5632,18,165,629
5633,4,179,629
5634,6,32,629
5635,16,16,629
5636,12,131,629
5637,3,24,631
5638,1,7,631
5639,18,165,631
5640,7,157,631
5641,4,179,631
5642,4,179,631
5643,4,179,631
5644,13,4,15
5645,1,18,15
5646,1,18,15
5647,12,131,15
5648,19,28,15
5649,6,13,15
5650,1,18,15
5651,1,7,15
5652,1,21,15
5653,3,24,15
5654,12,127,16
5655,18,165,16
5656,1,18,17
5657,4,179,17
5658,13,4,17
5659,19,174,17
5660,4,19,17
5661,11,112,227
5662,11,112,227
5663,11,116,227
5664,7,66,227
5665,11,117,227
5666,11,117,227
5667,11,118,227
5668,3,24,227
5669,18,165,227
5670,7,48,227
5671,4,179,214
5672,13,64,214
5673,3,24,214
5674,12,58,214
5675,13,4,214
5676,13,154,214
5677,0,146,214
5678,16,52,214
5679,11,117,214
5680,3,24,214
5681,13,4,146
5682,16,52,146
5683,8,65,146
5684,10,99,146
5685,16,52,146
5686,4,179,146
5687,13,4,146
5688,1,18,146
5689,1,18,146
5690,4,179,146
5691,16,52,179
5692,8,90,179
5693,13,57,179
5694,13,156,179
5695,13,4,179
5696,0,145,179
5697,4,19,179
5698,19,28,179
5699,13,64,179
5700,2,125,179
5701,7,66,219
5702,13,4,219
5703,11,115,219
5704,2,119,219
5705,8,56,219
5706,13,4,219
5707,5,155,219
5708,3,24,219
5709,2,119,219
5710,0,145,219
5711,10,96,207
5712,3,24,207
5713,9,92,207
5714,4,152,207
5715,2,119,207
5716,8,56,207
5717,9,92,207
5718,19,174,207
5719,13,156,207
5720,19,174,207
5721,5,14,147
5722,9,92,147
5723,1,18,147
5724,4,19,147
5725,8,56,147
5726,8,56,147
5727,20,81,147
5728,6,62,147
5729,4,19,147
5730,8,56,147
5731,0,144,163
5732,0,146,163
5733,5,44,163
5734,16,59,163
5735,13,154,163
5736,13,64,163
5737,2,119,163
5738,5,43,163
5739,5,159,163
5740,13,4,163
5741,0,146,174
5742,0,6,174
5743,8,56,174
5744,1,18,174
5745,1,7,174
5746,17,15,174
5747,0,146,174
5748,17,20,174
5749,0,146,174
5750,20,177,174
5751,13,64,194
5752,2,119,194
5753,13,57,194
5754,16,61,194
5755,19,98,194
5756,0,148,194
5757,17,15,194
5758,17,20,194
5759,4,19,194
5760,0,146,194
5761,20,0,187
5762,17,20,187
5763,17,15,187
5764,4,19,187
5765,4,179,187
5766,8,56,187
5767,13,4,187
5768,12,78,187
5769,8,56,187
5770,16,61,187
5771,11,117,232
5772,11,115,232
5773,18,165,232
5774,4,179,232
5775,3,24,232
5776,16,16,232
5777,11,117,232
5778,19,108,232
5779,11,117,232
5780,12,60,232
5781,16,52,160
5782,0,148,160
5783,0,148,160
5784,13,57,160
5785,4,19,160
5786,0,145,160
5787,16,52,160
5788,1,18,160
5789,13,64,160
5790,11,116,160
5791,16,59,176
5792,16,59,176
5793,16,59,176
5794,8,56,176
5795,12,23,176
5796,4,179,176
5797,19,174,176
5798,2,119,176
5799,12,128,176
5800,16,52,176
5801,2,119,236
5802,11,118,236
5803,12,128,236
5804,0,145,236
5805,4,179,236
5806,4,179,236
5807,16,52,236
5808,9,92,236
5809,16,59,236
5810,3,24,236
5811,5,155,190
5812,12,131,190
5813,20,177,190
5814,1,18,190
5815,0,145,190
5816,16,163,190
5817,8,56,190
5818,4,19,190
5819,20,0,190
5820,19,75,190
5821,12,78,150
5822,4,19,150
5823,3,24,150
5824,12,131,150
5825,8,56,150
5826,4,179,150
5827,6,13,150
5828,5,155,150
5829,4,179,150
5830,1,18,150
5831,12,131,205
5832,16,52,205
5833,6,32,205
5834,6,32,205
5835,8,56,205
5836,16,52,205
5837,4,179,205
5838,12,78,205
5839,8,71,205
5840,19,174,205
5841,12,78,167
5842,2,119,167
5843,12,55,167
5844,11,116,167
5845,12,58,167
5846,3,24,167
5847,3,24,167
5848,0,145,167
5849,12,141,167
5850,18,165,167
5851,5,44,155
5852,2,119,155
5853,8,56,155
5854,5,44,155
5855,1,18,155
5856,8,56,155
5857,4,19,155
5858,20,81,155
5859,7,157,155
5860,16,52,155
5861,20,81,152
5862,4,179,152
5863,5,159,152
5864,1,18,152
5865,3,24,152
5866,16,52,152
5867,2,119,152
5868,20,81,152
5869,13,154,152
5870,4,19,152
5871,8,71,156
5872,8,65,124
5873,8,71,124
5874,1,18,124
5875,6,13,124
5876,4,179,124
5877,3,24,241
5878,1,21,241
5879,1,21,241
5880,1,18,241
5881,7,29,241
5882,12,131,241
5883,1,18,241
5884,3,24,241
5885,4,179,241
5886,12,23,271
5887,11,116,271
5888,6,33,271
5889,19,174,271
5890,11,115,271
5891,1,18,271
5892,13,4,271
5893,13,49,271
5894,11,116,271
5895,4,19,271
5896,8,71,269
5897,12,127,269
5898,1,18,269
5899,13,150,269
5900,6,13,269
5901,12,58,269
5902,8,56,269
5903,12,78,269
5904,12,58,269
5905,2,119,269
5906,7,48,252
5907,3,24,252
5908,3,24,252
5909,0,148,252
5910,12,170,252
5911,1,18,252
5912,4,179,252
5913,12,78,252
5914,0,145,252
5915,5,155,252
5916,11,115,477
5917,7,48,477
5918,16,59,477
5919,3,24,477
5920,4,179,477
5921,12,128,477
5922,11,118,477
5923,3,24,477
5924,16,163,477
5925,12,128,477
5926,5,44,405
5927,13,64,405
5928,0,145,405
5929,16,52,405
5930,12,131,405
5931,13,4,405
5932,7,66,405
5933,8,56,405
5934,7,157,405
5935,13,156,405
5936,7,157,430
5937,13,4,430
5938,13,64,430
5939,20,0,430
5940,16,160,430
5941,2,119,430
5942,4,179,430
5943,4,179,430
5944,3,24,430
5945,1,18,430
5946,13,64,571
5947,0,146,571
5948,13,4,571
5949,4,19,571
5950,12,127,571
5951,7,157,571
5952,13,49,571
5953,7,157,571
5954,7,157,571
5955,8,56,571
5956,13,64,471
5957,13,64,471
5958,13,64,471
5959,12,127,471
5960,7,29,471
5961,13,4,471
5962,17,15,471
5963,4,19,471
5964,13,64,471
5965,7,29,471
5966,0,5,397
5967,11,115,397
5968,13,154,397
5969,8,56,397
5970,0,145,397
5971,0,146,397
5972,13,64,397
5973,5,42,397
5974,17,20,397
5975,8,56,397
5976,13,64,404
5977,13,64,404
5978,4,179,404
5979,4,179,404
5980,13,4,404
5981,13,64,404
5982,13,156,404
5983,13,64,404
5984,8,65,404
5985,13,49,404
5986,13,4,429
5987,12,131,429
5988,12,74,429
5989,0,145,429
5990,13,64,429
5991,2,119,429
5992,13,64,429
5993,13,4,429
5994,13,4,429
5995,13,4,429
5996,20,177,427
5997,0,146,427
5998,4,179,427
5999,12,78,427
6000,4,179,427
6001,1,18,427
6002,0,145,427
6003,8,56,427
6004,0,145,427
6005,1,18,427
6006,6,32,413
6007,11,116,413
6008,13,4,413
6009,6,32,413
6010,6,13,413
6011,16,59,413
6012,4,179,413
6013,12,131,413
6014,6,32,413
6015,6,32,413
6016,4,179,406
6017,20,0,406
6018,16,52,406
6019,4,179,406
6020,16,16,406
6021,12,131,406
6022,13,49,406
6023,16,52,406
6024,1,18,406
6025,13,64,406
6026,13,57,514
6027,13,4,514
6028,6,13,514
6029,19,28,514
6030,4,179,514
6031,3,24,514
6032,18,165,514
6033,5,159,514
6034,12,78,514
6035,13,156,514
6036,1,18,394
6037,18,165,394
6038,5,155,394
6039,11,116,394
6040,20,177,394
6041,12,171,394
6042,1,18,394
6043,4,19,394
6044,11,118,394
6045,8,56,394
6046,1,18,498
6047,1,18,498
6048,3,24,498
6049,4,152,498
6050,4,179,498
6051,4,179,498
6052,4,179,498
6053,4,179,428
6054,16,59,428
6055,16,59,428
6056,17,15,588
6057,20,175,588
6058,17,20,588
6059,12,127,588
6060,3,24,588
6061,8,56,588
6062,3,24,588
6063,6,13,588
6064,13,49,588
6065,20,177,588
6066,16,59,632
6067,13,4,632
6068,9,92,632
6069,12,74,632
6070,11,114,632
6071,9,92,632
6072,3,24,632
6073,10,99,632
6074,18,165,632
6075,2,12,632
6076,13,4,608
6077,8,56,608
6078,3,24,608
6079,13,57,608
6080,3,24,608
6081,3,53,608
6082,16,52,608
6083,3,24,608
6084,1,7,608
6085,8,140,608
6086,3,24,622
6087,3,24,622
6088,16,61,622
6089,16,52,622
6090,3,24,622
6091,1,18,622
6092,9,92,622
6093,20,176,622
6094,11,116,622
6095,3,24,622
6096,13,4,572
6097,6,32,572
6098,4,179,572
6099,6,32,572
6100,6,13,572
6101,1,18,572
6102,11,115,572
6103,16,52,572
6104,6,32,572
6105,7,157,572
6106,20,81,583
6107,9,72,583
6108,3,24,583
6109,18,165,583
6110,19,174,583
6111,3,24,583
6112,13,4,583
6113,13,4,583
6114,3,24,583
6115,4,19,583
6116,13,4,578
6117,16,52,578
6118,16,162,578
6119,8,56,578
6120,16,52,578
6121,0,145,578
6122,16,52,578
6123,0,145,578
6124,0,145,578
6125,16,163,578
6126,3,24,587
6127,8,71,587
6128,0,145,587
6129,10,99,587
6130,8,71,587
6131,5,155,587
6132,16,163,587
6133,10,94,587
6134,13,4,587
6135,16,52,587
6136,12,131,593
6137,2,119,593
6138,8,71,593
6139,16,59,593
6140,16,59,593
6141,12,141,593
6142,5,155,593
6143,16,52,593
6144,16,52,593
6145,16,52,593
6146,6,32,619
6147,16,59,619
6148,8,71,619
6149,6,32,619
6150,6,32,619
6151,3,24,619
6152,16,163,619
6153,6,32,619
6154,6,32,619
6155,6,32,619
6156,12,127,597
6157,11,117,597
6158,16,59,597
6159,4,19,597
6160,4,19,597
6161,3,24,597
6162,4,19,597
6163,8,90,597
6164,12,23,597
6165,7,29,597
6166,0,146,641
6167,1,18,641
6168,18,165,641
6169,4,19,641
6170,8,56,641
6171,1,18,641
6172,18,165,641
6173,1,7,641
6174,13,64,641
6175,13,156,641
6176,17,15,642
6177,13,64,642
6178,12,131,642
6179,2,119,642
6180,17,15,642
6181,18,165,642
6182,12,78,642
6183,12,130,642
6184,13,64,642
6185,13,4,642
6186,12,78,643
6187,8,56,643
6188,8,56,643
6189,12,78,643
6190,1,18,643
6191,18,165,643
6192,13,57,643
6193,1,18,643
6194,12,131,643
6195,1,8,643
6196,1,18,640
6197,13,57,640
6198,12,23,640
6199,18,165,640
6200,1,39,640
6201,18,165,640
6202,12,130,640
6203,1,18,640
6204,12,127,640
6205,8,56,640
6206,1,7,635
6207,2,38,635
6208,8,3,635
6209,8,71,635
6210,8,140,635
6211,18,165,635
6212,18,165,635
6213,1,18,635
6214,8,54,635
6215,18,165,635
6216,8,71,637
6217,3,24,637
6218,11,118,637
